period,ticker,q,s2,realized,mom10,err,sq_err,z
2024-09-01,14593,0.00015000000000000001,1.6973684210526318e-06,0.0024789,-0.0031695,-0.0023289,5.42377521e-06,-1.7875688656111477
2024-09-01,10107,0.0037950000000000006,4.5628947368421073e-07,-0.0005586999999999998,0.0042344,0.0043537,1.8954703690000003e-05,6.4452278474761995
2024-09-01,86580,0.0025850000000000005,3.259236842105263e-06,0.002169599999999999,0.0022905,0.00041540000000000153,1.7255716000000127e-07,0.23009571538709245
2024-09-01,84788,0.007040000000000002,5.489831578947369e-05,0.0008475,0.0083114,0.006192500000000002,3.834705625000002e-05,0.8357694739829162
2024-09-01,13407,0.0011849999999999999,1.0028947368421054e-07,0.0080245,0.0013516000000000001,-0.0068395,4.677876025e-05,-21.597161596041047
2024-09-01,90319,0.00045499999999999995,6.574184210526316e-06,0.004071,-0.002346,-0.003616,1.3075455999999998e-05,-1.4102869503474815
2024-09-01,14542,0.00101,1.8630526315789475e-06,0.0043076,-0.0027561000000000005,-0.0032976,1.087416576e-05,-2.415935928482307
2024-09-01,50876,-3.499999999999998e-05,5.455526315789474e-07,-0.0049946,-0.0016233000000000005,0.0049596,2.4597632159999998e-05,6.714726436043148
2024-09-01,93002,0.0060421052631578955,1.877017543859649e-06,0.003451599999999999,0.0079686,0.0025905052631578964,6.7107175184487625e-06,1.8908205472287443
2024-09-01,93436,0.006725000000000002,5.337763157894739e-06,0.0127836,0.011816499999999999,-0.006058599999999999,3.6706633959999985e-05,-2.6223619251746806
2024-09-01,55976,0.004830000000000001,2.516842105263158e-07,-0.0009400000000000005,0.005366899999999999,0.005770000000000002,3.329290000000002e-05,11.501323728662781
2024-09-01,83443,-0.0016850000000000003,3.4771315789473696e-06,0.0022005999999999996,-0.004459300000000001,-0.0038856,1.509788736e-05,-2.083759188272144
2024-09-01,47896,-0.0023699999999999997,9.855894736842104e-06,0.0030137000000000002,-0.0081639,-0.0053837,2.898422569e-05,-1.7148763978974044
2024-09-01,92655,0.00064,9.936842105263158e-08,-0.0017327000000000002,0.000511,0.0023727,5.629705290000001e-06,7.526943147884343
2024-09-01,11850,-0.0009799999999999998,3.1595789473684205e-06,0.0042299,-0.0059522,-0.0052099,2.714305801e-05,-2.9309930033763107
2024-09-01,92611,0.004057000000000001,1.350032631578948e-06,-0.004129099999999999,0.0046809,0.0081861,6.701223321e-05,7.045387956107063
2024-09-01,91233,0.0027684210526315793,5.711695906432748e-07,9.720000000000033e-05,0.0026181000000000004,0.002671221052631579,7.13542191202216e-06,3.534494337196815
2024-09-01,10104,0.008750000000000003,1.0420526315789476e-05,0.004246399999999999,0.0157171,0.0045036000000000034,2.028241296000003e-05,1.3951309814048005
2024-09-01,18163,0.0022600000000000007,1.8357894736842103e-07,-0.0002537999999999997,0.0024064000000000004,0.0025138000000000005,6.319190440000002e-06,5.8670431761436665
2024-09-01,87055,0.0029157894736842106,4.358479532163741e-07,-0.0033120000000000003,0.0033289,0.006227789473684211,3.878536172853186e-05,9.4333601997509
2024-09-01,22111,0.0007199999999999999,1.722105263157895e-07,-0.0024988999999999996,0.0008247,0.0032188999999999994,1.0361317209999996e-05,7.756711483673575
2024-09-01,66181,0.0033550000000000003,2.720789473684211e-07,0.0050627,0.0035108000000000006,-0.0017076999999999995,2.9162392899999984e-06,-3.273890193593828
2024-09-01,13721,0.00031000000000000005,4.567368421052632e-07,0.00032800000000000017,-0.0004180999999999999,-1.8000000000000112e-05,3.2400000000000405e-10,-0.02663418933409128
2024-09-01,11308,0.00072,1.8480000000000003e-06,0.0005625000000000001,-0.00017810000000000013,0.00015749999999999998,2.4806249999999994e-08,0.11585894637249836
2024-09-01,59408,-0.00086,2.123578947368421e-06,0.0020096999999999997,-0.003111,-0.0028696999999999998,8.235178089999999e-06,-1.969256520348848
2024-09-01,89393,0.001115,1.1371315789473685e-06,0.0015668000000000001,0.0008081,-0.00045180000000000003,2.0412324000000003e-07,-0.42368283203697926
2024-09-01,22752,9.5e-05,3.3418421052631585e-07,-0.0011794999999999998,-0.001297,0.0012744999999999998,1.6243502499999996e-06,2.2046866712463977
2024-09-01,14541,-0.00048499999999999986,5.824499999999999e-06,0.0035019,-0.0046412,-0.0039869,1.5895371609999997e-05,-1.6519846894045223
2024-09-01,61241,0.005135000000000001,5.2645e-06,0.0078903,0.005259300000000001,-0.0027552999999999987,7.591678089999993e-06,-1.2008543267465508
2024-09-01,13856,0.0032450000000000005,7.005000000000003e-07,-0.0042025,0.0038288000000000003,0.0074475,5.5465256250000004e-05,8.898287675424065
2024-09-01,90215,0.0010900000000000003,1.7084105263157895e-05,0.0086665,-0.0008915999999999997,-0.0075765,5.740335225e-05,-1.8330423895384262
2024-09-01,75510,-0.0009350000000000001,7.188710526315791e-06,-0.0039243,-0.0055029,0.0029893000000000003,8.935914490000002e-06,1.114920765197519
2024-09-01,91937,0.001455,2.181552631578947e-06,0.0012523999999999997,0.0017594,0.00020260000000000026,4.1046760000000106e-08,0.1371691961198068
2024-09-01,62092,0.00034000000000000013,2.393684210526316e-07,0.0006294999999999996,2.239999999999985e-05,-0.0002894999999999995,8.381024999999971e-08,-0.5917184903041385
2024-09-01,18143,0.0004600000000000002,4.046315789473685e-07,0.0022896,-0.0004890000000000001,-0.0018296,3.3474361600000002e-06,-2.876247569881045
2024-09-01,89071,0.0021100000000000003,2.8094736842105263e-07,0.00033520000000000007,0.0027438000000000002,0.0017748000000000002,3.149915040000001e-06,3.348396935582244
2024-09-01,43449,0.00324,1.7726315789473676e-07,0.0024089,0.0035727999999999997,0.0008311,6.907272099999999e-07,1.973985877973056
2024-09-01,20482,0.0026450000000000006,6.573421052631578e-07,-0.0034067,0.0032232000000000003,0.0060517,3.662307289e-05,7.464172455401399
2024-09-01,76076,0.0005700000000000002,1.838e-06,0.0063233,-0.0011461000000000002,-0.005753299999999999,3.310046088999999e-05,-4.243696015328079
2024-09-01,49680,0.0026470000000000005,1.0081157894736844e-07,0.0006496000000000001,0.002737,0.0019974000000000003,3.9896067600000015e-06,6.290857346619522
2024-09-01,12490,0.007170000000000001,6.247473684210529e-06,0.0028315,0.007769,0.004338500000000001,1.882258225000001e-05,1.735750839837134
2024-09-01,92602,0.001988,4.468799999999999e-07,-0.0028980000000000004,0.0025265000000000005,0.004886000000000001,2.3872996000000006e-05,7.309000699690088
2024-09-01,12060,0.0030250000000000008,4.261842105263156e-07,0.0041351,0.0030727999999999997,-0.0011100999999999993,1.2323220099999984e-06,-1.7004482706294692
2024-09-01,65875,0.006395000000000002,1.5089210526315789e-06,0.0010709,0.007635600000000001,0.005324100000000002,2.834604081000002e-05,4.334239892413098
2024-09-01,77178,0.0006800000000000002,5.458947368421052e-07,0.0015925000000000002,-7.549999999999953e-05,-0.0009125,8.3265625e-07,-1.235032594722502
2024-09-01,59176,0.00042500000000000003,3.9776315789473684e-07,0.004617700000000001,-0.00011730000000000022,-0.004192700000000001,1.7578733290000004e-05,-6.647854583275006
2024-09-01,78975,0.005395000000000001,3.732078947368421e-06,-0.0055595,0.0051523,0.010954500000000002,0.00012000107025000005,5.670445081509804
2024-09-01,15579,-0.0012200000000000002,5.334315789473685e-06,0.0046195,-0.0051088,-0.005839500000000001,3.409976025000001e-05,-2.528344809559043
2024-09-01,13447,0.004625500000000001,1.7436365789473685e-06,0.0004872999999999997,0.005745599999999999,0.004138200000000002,1.7124699240000012e-05,3.1338881391281266
2024-09-01,38703,-0.00109,4.8662105263157895e-06,0.0059909,-0.0080056,-0.0070809,5.0139144810000006e-05,-3.2099111710172687
2024-09-15,14593,0.0020950000000000005,4.552368421052632e-07,2.5000000000000194e-05,0.0024789,0.0020700000000000002,4.284900000000001e-06,3.067973785441925
2024-09-15,10107,0.00031000000000000005,1.8936842105263158e-07,-0.0027177000000000004,-0.0005586999999999998,0.0030277000000000004,9.166967290000002e-06,6.957593667858604
2024-09-15,86580,0.002036842105263158,3.820233918128655e-06,0.0107383,0.002169599999999999,-0.008701457894736841,7.57153694938781e-05,-4.451916856951743
2024-09-15,84788,-0.0006099999999999999,8.471473684210526e-06,0.0005720000000000001,0.0008475,-0.0011819999999999999,1.3971239999999997e-06,-0.4061046791775872
2024-09-15,13407,0.005995,3.2794473684210526e-06,0.003993100000000001,0.0080245,0.002001899999999999,4.007603609999996e-06,1.1054574908030554
2024-09-15,90319,0.00371,1.1841052631578947e-06,-0.0003715,0.004071,0.0040815,1.665864225e-05,3.750806371653821
2024-09-15,14542,0.004155000000000001,1.2120789473684214e-06,-0.0004016999999999998,0.0043076,0.0045567,2.076351489e-05,4.138900469645971
2024-09-15,50876,-0.0018315789473684208,3.6978362573099413e-06,0.0060647999999999995,-0.0049946,-0.00789637894736842,6.23528004804432e-05,-4.106332796859623
2024-09-15,93436,0.009675000000000003,8.849342105263158e-06,-0.017175999999999997,0.0127836,0.026851,0.000720976201,9.026200414357895
2024-09-15,93002,0.0020950000000000005,3.371026315789474e-06,0.0051882,0.003451599999999999,-0.003093199999999999,9.567886239999994e-06,-1.6847168908370564
2024-09-15,55976,-7.000000000000001e-05,2.716842105263158e-07,0.0004567000000000001,-0.0009400000000000005,-0.0005267000000000001,2.7741289000000005e-07,-1.010487902953184
2024-09-15,83443,0.0021200000000000004,1.2694736842105266e-07,0.0006489,0.0022005999999999996,0.0014711000000000004,2.164135210000001e-06,4.1288617779311005
2024-09-15,47896,0.00283,2.4516842105263165e-06,0.0062267,0.0030137000000000002,-0.0033967,1.1537570889999999e-05,-2.1693265232578276
2024-09-15,92655,0.00014500000000000003,6.131315789473683e-07,0.0027884999999999997,-0.0017327000000000002,-0.0026434999999999996,6.988092249999998e-06,-3.3760002674636174
2024-09-15,11850,0.0033600000000000006,8.709473684210525e-07,0.0066135,0.0042299,-0.003253499999999999,1.0585262249999993e-05,-3.4862205248464653
2024-09-15,10104,0.0032300000000000002,8.98e-07,0.0044319,0.004246399999999999,-0.0012018999999999997,1.4445636099999992e-06,-1.2683238724530488
2024-09-15,92611,0.00035499999999999996,6.4257631578947375e-06,0.0009862000000000002,-0.004129099999999999,-0.0006312000000000003,3.9841344000000033e-07,-0.24900303071789545
2024-09-15,91233,0.000766,1.7938568421052631e-06,0.0018882000000000003,9.720000000000033e-05,-0.0011222000000000003,1.2593328400000007e-06,-0.83786948469865
2024-09-15,18163,0.0005400000000000001,4.267368421052631e-07,-0.0013993,-0.0002537999999999997,0.0019393000000000001,3.7608844900000006e-06,2.968690535664946
2024-09-15,66181,0.004555000000000002,1.3257631578947372e-06,0.0030922999999999996,0.0050627,0.001462700000000002,2.1394912900000063e-06,1.2703467719558634
2024-09-15,87055,-0.000825,3.095657894736842e-06,0.0004557000000000002,-0.0033120000000000003,-0.0012807,1.6401924900000003e-06,-0.7278986759910046
2024-09-15,22111,-0.00046,1.6519999999999998e-06,4.5199999999999926e-05,-0.0024988999999999996,-0.0005051999999999999,2.552270399999999e-07,-0.39305952084250473
2024-09-15,13721,0.0006789473684210525,2.406432748538012e-07,-0.0002891000000000001,0.00032800000000000017,0.0009680473684210527,9.371157075069253e-07,1.9733755549851586
2024-09-15,11308,0.00063,1.348421052631579e-07,-0.0031146999999999993,0.0005625000000000001,0.0037446999999999992,1.4022778089999994e-05,10.197747828650053
2024-09-15,59408,0.0012500000000000002,9.752631578947373e-07,0.0064272999999999995,0.0020096999999999997,-0.005177299999999999,2.680443528999999e-05,-5.242548076568512
2024-09-15,89393,0.000825,6.830263157894738e-07,0.0022606999999999996,0.0015668000000000001,-0.0014356999999999996,2.061234489999999e-06,-1.7371806454355128
2024-09-15,22752,-5.499999999999997e-05,8.078684210526317e-07,-0.0034750999999999996,-0.0011794999999999998,0.0034200999999999997,1.1697084009999998e-05,3.8051211477114024
2024-09-15,61241,0.005340000000000001,2.4267368421052633e-06,0.0024215999999999994,0.0078903,0.0029184000000000015,8.517058560000009e-06,1.8734127641149598
2024-09-15,14541,0.0029050000000000005,6.531315789473684e-07,0.0040381,0.0035019,-0.0011330999999999997,1.2839156099999993e-06,-1.402064193745958
2024-09-15,90215,0.007255000000000002,1.6826052631578947e-06,0.004199700000000001,0.0086665,0.0030553000000000012,9.334858090000008e-06,2.355389520823345
2024-09-15,91937,0.0014975,8.495986842105264e-07,0.0037790999999999996,0.0012523999999999997,-0.0022816,5.20569856e-06,-2.4753270775726564
2024-09-15,62092,0.0010149999999999998,1.1055526315789475e-06,-0.002854400000000001,0.0006294999999999996,0.0038694000000000007,1.4972256360000006e-05,3.6800516659710794
2024-09-15,13856,-0.0004489999999999999,2.38002e-06,0.0028338999999999994,-0.0042025,-0.003282899999999999,1.0777432409999995e-05,-2.1279790629796835
2024-09-15,18143,0.00206,1.3410526315789475e-07,-0.0011167,0.0022896,0.0031767,1.0091422890000001e-05,8.674676576157864
2024-09-15,75510,-0.000795,2.8247105263157897e-06,-0.0037926,-0.0039243,0.0029976,8.98560576e-06,1.7835558195845955
2024-09-15,89071,0.0012550000000000003,5.9299736842105265e-06,0.0035685,0.00033520000000000007,-0.0023134999999999996,5.3522822499999985e-06,-0.9500426902749067
2024-09-15,43449,0.00238,7.101052631578947e-07,0.00045339999999999996,0.0024089,0.0019266,3.7117875600000004e-06,2.2862840690413364
2024-09-15,76076,0.005505000000000001,1.5489210526315785e-06,0.0030823000000000005,0.0063233,0.0024227000000000007,5.869475290000004e-06,1.9466371083314395
2024-09-15,12490,0.0028965,4.029087105263158e-06,0.0055301,0.0028315,-0.0026335999999999994,6.935848959999997e-06,-1.3120382167602662
2024-09-15,12060,0.0032350000000000005,1.0034473684210528e-06,0.0031413000000000005,0.0041351,9.369999999999995e-05,8.77968999999999e-09,0.09353890717975027
2024-09-15,49680,0.0012210526315789474,3.7873099415204684e-06,-0.0018352,0.0006496000000000001,0.0030562526315789473,9.34068014803324e-06,1.5704489607298506
2024-09-15,20482,-0.00043500000000000006,1.4392368421052633e-06,0.0032643999999999998,-0.0034067,-0.0036994,1.368556036e-05,-3.0836505639415983
2024-09-15,59176,0.0040526315789473685,1.1859649122807018e-06,0.0022179,0.004617700000000001,0.0018347315789473684,3.3662399667867034e-06,1.6847544643451164
2024-09-15,15579,0.003710526315789473,4.898830409356725e-07,-0.0018709000000000004,0.0046195,0.005581426315789473,3.1152319718587253e-05,7.974417936967555
2024-09-15,38703,0.004740000000000001,2.541473684210526e-06,0.0089585,0.0059909,-0.004218499999999998,1.7795742249999987e-05,-2.6461547881748047
2024-09-15,18542,0.009860500000000001,8.05804710526316e-06,0.0028406,0.0127525,0.007019900000000001,4.927899601000001e-05,2.472953923786766
2024-09-15,77178,0.0015210526315789477,8.939766081871347e-07,-7.000000000001796e-07,0.0015925000000000002,0.001521752631578948,2.3157310717174533e-06,1.6094629508461595
2024-09-15,65875,0.001055,4.099736842105264e-07,-0.0027136,0.0010709,0.0037686,1.420234596e-05,5.885753281667792
2024-09-15,92602,-0.000863157894736842,1.629122807017544e-06,-0.00040640000000000023,-0.0028980000000000004,-0.0004567578947368418,2.0862777440443188e-07,-0.35785669834776745
2024-09-15,13447,0.00023500000000000002,1.7981842105263157e-06,0.0064072,0.0004872999999999997,-0.0061722,3.8096052840000004e-05,-4.602808434666396
2024-09-29,14593,0.0009615,4.332239473684211e-07,0.0017399000000000004,2.5000000000000194e-05,-0.0007784000000000004,6.059065600000006e-07,-1.1826237587827273
2024-09-29,86580,0.008421052631578949,2.896198830409357e-06,0.0052049,0.0107383,0.0032161526315789488,1.0343637749612198e-05,1.8898288052205319
2024-09-29,10107,0.00025499999999999996,8.826052631578948e-07,0.0028341,-0.0027177000000000004,-0.0025791,6.65175681e-06,-2.745269120270628
2024-09-29,84788,0.0012299999999999998,1.5622105263157895e-06,-0.0004761,0.0005720000000000001,0.0017060999999999999,2.9107772099999994e-06,1.3650064485594395
2024-09-29,13407,0.004115000000000001,1.479236842105264e-06,-0.0027904999999999996,0.003993100000000001,0.0069055,4.7685930250000005e-05,5.677750080983059
2024-09-29,90319,0.00038947368421052633,9.5766081871345e-07,0.001277,-0.0003715,-0.0008875263157894736,7.877029612188364e-07,-0.9069333651246858
2024-09-29,14542,0.00047999999999999985,6.922105263157893e-07,0.0015302999999999998,-0.0004016999999999998,-0.0010503,1.1031300900000002e-06,-1.262392093567391
2024-09-29,50876,0.0058600000000000015,1.2814736842105266e-06,-0.0042784,0.0060647999999999995,0.010138400000000002,0.00010278715456000004,8.956010123121104
2024-09-29,93002,0.00412,1.6943157894736846e-06,-0.0046148000000000005,0.0051882,0.008734800000000001,7.629673104000002e-05,6.710513994218356
2024-09-29,93436,-0.0048000000000000004,1.172105263157895e-05,0.0233689,-0.017175999999999997,-0.028168900000000004,0.0007934869272100002,-8.227854062520532
2024-09-29,55976,0.0004,2.2631578947368417e-07,0.0030093999999999997,0.0004567000000000001,-0.0026093999999999996,6.808968359999997e-06,-5.485083341674607
2024-09-29,47896,0.0053750000000000004,7.893421052631575e-07,3.0400000000000217e-05,0.0062267,0.0053446000000000006,2.8564749160000006e-05,6.0156501680054495
2024-09-29,83443,0.0008799999999999999,3.1326315789473684e-07,-0.001345,0.0006489,0.002225,4.950625e-06,3.975349848505255
2024-09-29,92655,0.00247,1.3063157894736845e-07,-0.0053553,0.0027884999999999997,0.0078253,6.123532009e-05,21.65094755664807
2024-09-29,11850,0.005550000000000001,8.56315789473684e-07,-0.0033384000000000005,0.0066135,0.008888400000000001,7.900365456000002e-05,9.605204478913793
2024-09-29,10104,0.003855,4.0260526315789504e-07,-0.0012603999999999998,0.0044319,0.0051154,2.616731716e-05,8.0619458194316
2024-09-29,92611,0.0011050000000000003,1.4471052631578948e-07,0.0014578,0.0009862000000000002,-0.0003527999999999997,1.244678399999998e-07,-0.9274243939786376
2024-09-29,91233,0.0019200000000000003,5.642105263157894e-08,0.0010295000000000002,0.0018882000000000003,0.0008905,7.929902500000001e-07,3.748981795847643
2024-09-29,66181,0.0027050000000000004,4.299736842105262e-07,-0.0031585999999999997,0.0030922999999999996,0.0058636,3.438180496e-05,8.942179802722155
2024-09-29,18163,0.00017,3.401052631578948e-07,-0.0010893,-0.0013993,0.0012593,1.5858364900000001e-06,2.159347444257204
2024-09-29,87055,0.00059,2.22e-07,0.00026000000000000003,0.0004557000000000002,0.00033,1.089e-07,0.7003859939637146
2024-09-29,22111,0.0004300000000000001,2.3273684210526318e-07,-0.00030239999999999987,4.5199999999999926e-05,0.0007324,5.3640976e-07,1.518153786062726
2024-09-29,13721,0.00022000000000000006,4.301052631578948e-07,-0.0024728,-0.0002891000000000001,0.0026928,7.25117184e-06,4.105978964864761
2024-09-29,59408,0.005395000000000001,2.0647105263157893e-06,-9.039999999999985e-05,0.0064272999999999995,0.005485400000000001,3.0089613160000014e-05,3.8174971036901733
2024-09-29,89393,0.0025350000000000004,2.2150263157894735e-06,0.004959499999999998,0.0022606999999999996,-0.0024244999999999974,5.878200249999987e-06,-1.6290437325113658
2024-09-29,11308,7e-05,6.780000000000001e-07,-0.003830599999999999,-0.0031146999999999993,0.0039005999999999993,1.5214680359999994e-05,4.7371438129346215
2024-09-29,22752,-0.0007784999999999999,1.6657713157894733e-06,-0.005315,-0.0034750999999999996,0.004536500000000001,2.0579832250000006e-05,3.51490203803292
2024-09-29,14541,0.003615789473684211,5.047368421052634e-07,-0.0003499999999999997,0.0040381,0.003965789473684211,1.572748614958449e-05,5.582094090580184
2024-09-29,90215,0.0033550000000000003,7.436578947368421e-07,0.0008630999999999998,0.004199700000000001,0.0024919000000000005,6.209565610000002e-06,2.8896418182144776
2024-09-29,61241,0.0020800000000000003,2.258947368421052e-07,-0.0069867,0.0024215999999999994,0.0090667,8.220504889e-05,19.076389876614602
2024-09-29,91937,0.00341,2.1673684210526317e-07,0.006313399999999999,0.0037790999999999996,-0.0029033999999999996,8.429731559999997e-06,-6.2364938990968755
2024-09-29,13856,0.0030400000000000006,1.9488421052631575e-06,-0.0017312,0.0028338999999999994,0.004771200000000001,2.2764349440000005e-05,3.4177421519631683
2024-09-29,62092,-0.0002,1.1147368421052632e-06,-0.007275599999999998,-0.002854400000000001,0.007075599999999999,5.006411535999998e-05,6.701578295069607
2024-09-29,89071,0.0025549999999999995,1.6152368421052631e-06,6.38999999999999e-05,0.0035685,0.0024910999999999996,6.2055792099999976e-06,1.9600766532999288
2024-09-29,18143,0.00023500000000000002,5.308157894736842e-07,-4.200000000000022e-05,-0.0011167,0.00027700000000000023,7.672900000000013e-08,0.3801962707644669
2024-09-29,43449,0.000475,4.6184210526315786e-08,-0.0039507,0.00045339999999999996,0.004425699999999999,1.9586820489999996e-05,20.593739244726102
2024-09-29,75510,-0.0005,1.8684210526315784e-06,-0.0023152000000000003,-0.0037926,0.0018152000000000003,3.2949510400000013e-06,1.3279664614804483
2024-09-29,76076,0.00312,2.901052631578946e-07,0.0028046999999999994,0.0030823000000000005,0.00031530000000000056,9.941409000000036e-08,0.5853911693197662
2024-09-29,12490,0.00446,1.212e-06,-0.0080813,0.0055301,0.0125413,0.00015728420569,11.391771018544215
2024-09-29,38703,0.007080000000000001,3.6964210526315783e-06,0.0057103,0.0089585,0.0013697000000000015,1.876078090000004e-06,0.712417761134574
2024-09-29,12060,0.0031850000000000003,3.8976315789473677e-07,-0.0060188,0.0031413000000000005,0.009203800000000002,8.470993444000003e-05,14.742352122447132
2024-09-29,20482,0.003085,4.160789473684209e-07,-0.0011042,0.0032643999999999998,0.0041892000000000006,1.7549396640000003e-05,6.4944626551142095
2024-09-29,59176,0.002075,1.1460526315789474e-07,-0.003135400000000001,0.0022179,0.0052104000000000004,2.7148268160000005e-05,15.391068951268025
2024-09-29,49680,-0.00011000000000000003,7.314736842105262e-07,-0.009487600000000002,-0.0018352,0.009377600000000002,8.793938176000004e-05,10.964588842219205
2024-09-29,18542,0.002857894736842106,1.9590643274853798e-07,-0.0036649999999999994,0.0028406,0.006522894736842106,4.2548155747922446e-05,14.737235441039106
2024-09-29,13447,0.00562,2.6458947368421052e-06,0.0014708000000000002,0.0064072,0.0041492,1.7215860639999995e-05,2.5508098656542955
2024-09-29,77178,0.00058,3.7852631578947363e-07,0.00043870000000000004,-7.000000000001796e-07,0.00014129999999999997,1.996568999999999e-08,0.22966463374521967
2024-09-29,15579,0.00034999999999999994,1.1426315789473683e-06,0.0011186000000000006,-0.0018709000000000004,-0.0007686000000000007,5.90745960000001e-07,-0.7190304273201888
2024-09-29,92602,0.00027499999999999996,2.798684210526316e-07,0.0083643,-0.00040640000000000023,-0.0080893,6.543677449000001e-05,-15.290933274225058
2024-09-29,18576,0.0072900000000000005,1.4582e-05,-0.010527899999999998,0.013722499999999999,0.017817899999999998,0.0003174775604099999,4.666034765045221
2024-10-13,14593,0.0016,1.4315789473684212e-07,-0.0017646000000000005,0.0017399000000000004,0.0033646000000000006,1.1320533160000004e-05,8.892539215048561
2024-10-13,86580,0.004677500000000001,5.0638092105263165e-06,0.0045104,0.0052049,0.00016710000000000075,2.7922410000000253e-08,0.07425706549657009
2024-10-13,10107,0.0027578947368421054,2.55906432748538e-07,-0.0010785000000000002,0.0028341,0.0038363947368421055,1.4717924576869807e-05,7.583726899103196
2024-10-13,84788,0.0007850000000000001,1.3360789473684214e-06,0.0106476,-0.0004761,-0.0098626,9.727087875999998e-05,-8.532481577360452
2024-10-13,13407,-0.000245,1.3005e-06,0.0029785,-0.0027904999999999996,-0.0032235,1.0390952249999999e-05,-2.826652990380616
2024-10-13,90319,0.0014947368421052633,2.3383040935672512e-06,0.0078163,0.001277,-0.006321563157894737,3.9962160759252076e-05,-4.134033449524923
2024-10-13,14542,0.0012555555555555558,2.64967320261438e-07,0.0076226,0.0015302999999999998,-0.0063670444444444444,4.053925495753086e-05,-12.36920321492983
2024-10-13,93436,0.0067750000000000015,2.656513157894737e-05,0.0192009,0.0233689,-0.012425899999999998,0.00015440299080999995,-2.410859318097089
2024-10-13,50876,-0.001836842105263158,2.520233918128655e-06,-0.006650699999999998,-0.0042784,0.00481385789473684,2.3173227830720198e-05,3.0323047041571556
2024-10-13,93002,-0.0009350000000000001,2.9455526315789475e-06,0.006274300000000001,-0.0046148000000000005,-0.007209300000000001,5.197400649000001e-05,-4.200584297475742
2024-10-13,55976,0.0025500000000000006,6.205263157894738e-07,0.002805,0.0030093999999999997,-0.0002549999999999996,6.502499999999979e-08,-0.3237129536114944
2024-10-13,47896,0.00017,8.895789473684211e-07,0.007145499999999999,3.0400000000000217e-05,-0.006975499999999999,4.8657600249999985e-05,-7.395764860662895
2024-10-13,83443,-0.000345,4.6155263157894746e-07,0.002247,-0.001345,-0.0025919999999999997,6.718463999999998e-06,-3.8152621270827822
2024-10-13,11850,-0.00025,1.3994736842105266e-06,0.0014355999999999996,-0.0033384000000000005,-0.0016855999999999996,2.8412473599999986e-06,-1.424859867749396
2024-10-13,92655,-0.0008849999999999998,4.655026315789473e-06,0.008878899999999999,-0.0053553,-0.009763899999999999,9.533374320999998e-05,-4.525455019093331
2024-10-13,10104,-0.00035000000000000005,3.8157894736842105e-07,0.008974,-0.0012603999999999998,-0.009323999999999999,8.693697599999999e-05,-15.094198675490274
2024-10-13,92611,0.00127,1.6747368421052633e-07,0.0090406,0.0014578,-0.007770599999999999,6.0382224359999985e-05,-18.988089346569662
2024-10-13,91233,0.000973475,2.4450835460526324e-07,0.003494499999999999,0.0010295000000000002,-0.002521024999999999,6.355567050624994e-06,-5.098357683871375
2024-10-13,66181,-0.0006950000000000001,1.7331315789473686e-06,0.0018702000000000002,-0.0031585999999999997,-0.0025652,6.580251040000001e-06,-1.9485226724963687
2024-10-13,18163,-7.500000000000001e-05,2.1144736842105263e-07,-0.00020339999999999977,-0.0010893,0.00012839999999999976,1.648655999999994e-08,0.27923116063633924
2024-10-13,87055,0.00043099999999999996,4.1495684210526326e-07,0.0059486999999999995,0.00026000000000000003,-0.0055176999999999995,3.0445013289999995e-05,-8.565576911232924
2024-10-13,22111,7.999999999999998e-05,3.1010526315789476e-07,-0.0034000999999999997,-0.00030239999999999987,0.0034800999999999994,1.2111096009999995e-05,6.249383190066015
2024-10-13,13721,-0.0007249999999999998,2.1798684210526314e-06,0.006238499999999998,-0.0024728,-0.006963499999999998,4.849033224999998e-05,-4.71641964836793
2024-10-13,59408,0.00047500000000000005,4.840789473684209e-07,0.007837199999999999,-9.039999999999985e-05,-0.007362199999999999,5.420198883999999e-05,-10.58155548302503
2024-10-13,89393,0.0026800000000000005,2.374315789473685e-06,0.0052756999999999995,0.004959499999999998,-0.002595699999999999,6.737658489999995e-06,-1.6845552394114232
2024-10-13,11308,-0.0012631578947368426,2.4257894736842107e-06,-0.0045301,-0.003830599999999999,0.003266942105263157,1.0672910719141267e-05,2.097562376905492
2024-10-13,90215,0.0008635000000000002,5.811868421052632e-08,0.010465499999999999,0.0008630999999999998,-0.009602,9.219840399999999e-05,-39.82940465652602
2024-10-13,14541,9.052631578947369e-05,1.9437192982456142e-07,0.004072199999999999,-0.0003499999999999997,-0.003981673684210525,1.5853725327534615e-05,-9.03127135805925
2024-10-13,22752,-0.0020180000000000003,3.3111115789473685e-06,-0.0009674999999999999,-0.005315,-0.0010505000000000002,1.1035502500000005e-06,-0.5773100909944142
2024-10-13,91937,0.004005,2.321552631578948e-06,0.0039412,0.006313399999999999,6.380000000000014e-05,4.070440000000018e-09,0.0418727430155571
2024-10-13,61241,-0.0012000000000000001,6.80888888888889e-06,-0.0045813999999999985,-0.0069867,0.0033813999999999984,1.1433865959999988e-05,1.2958610152665782
2024-10-13,13856,-0.00020999999999999998,6.230526315789474e-07,-0.0039205,-0.0017312,0.0037105000000000003,1.3767810250000002e-05,4.700781539428596
2024-10-13,89071,0.000145,4.468157894736842e-07,-0.0012949999999999997,6.38999999999999e-05,0.0014399999999999997,2.073599999999999e-06,2.154260588480209
2024-10-13,18143,0.00019499999999999997,3.236578947368421e-07,-0.0029628000000000002,-4.200000000000022e-05,0.0031578,9.97170084e-06,5.550620278130147
2024-10-13,76076,0.0020000000000000005,3.473684210526316e-07,0.004153600000000001,0.0028046999999999994,-0.0021536000000000007,4.637992960000004e-06,-3.6540112089526384
2024-10-13,38703,0.004447368421052633,8.559649122807021e-07,0.009658400000000001,0.0057103,-0.005211031578947368,2.71548501167867e-05,-5.632428972612047
2024-10-13,75510,-0.00037999999999999997,1.1258947368421054e-06,0.0023539,-0.0023152000000000003,-0.0027339,7.4742092100000005e-06,-2.5765212608641743
2024-10-13,62092,-0.002065,7.009763157894738e-06,-0.00043560000000000023,-0.007275599999999998,-0.0016293999999999998,2.6549443599999993e-06,-0.6154262830095995
2024-10-13,43449,-0.0007575000000000001,2.780861842105263e-06,0.0022069,-0.0039507,-0.0029644,8.787667359999999e-06,-1.7776534421965429
2024-10-13,92602,0.004000000000000001,3.1600000000000002e-06,-0.0026309999999999997,0.0083643,0.006631000000000001,4.397016100000001e-05,3.7302289355202327
2024-10-13,20482,0.00016999999999999996,8.306315789473684e-07,0.0021884000000000005,-0.0011042,-0.0020184000000000005,4.073938560000002e-06,-2.21463938168867
2024-10-13,12490,-0.00178,9.458526315789472e-06,-0.00034419999999999996,-0.0080813,-0.0014357999999999999,2.06152164e-06,-0.46685521102467886
2024-10-13,13447,0.001095,6.152368421052632e-07,0.0059476,0.0014708000000000002,-0.0048526,2.3547726760000003e-05,-6.186618368731564
2024-10-13,12060,-0.0009510000000000002,6.832441052631577e-06,0.003306,-0.0060188,-0.004257,1.8122049000000004e-05,-1.6286047736808724
2024-10-13,59176,-0.00013000000000000002,2.3074736842105273e-06,0.007637600000000001,-0.003135400000000001,-0.007767600000000001,6.033560976000002e-05,-5.11350252432106
2024-10-13,77178,0.00095,2.013157894736842e-06,0.0006730000000000005,0.00043870000000000004,0.00027699999999999947,7.672899999999971e-08,0.19522743565899436
2024-10-13,69032,0.004035000000000001,1.8645000000000005e-06,0.011766500000000003,0.005922700000000001,-0.007731500000000001,5.977609225000002e-05,-5.6621655928503305
2024-10-13,15579,0.0014849999999999998,1.272921052631579e-06,0.007192799999999999,0.0011186000000000006,-0.005707799999999999,3.257898083999999e-05,-5.059038826534169
2024-10-13,18542,-0.000915,1.5045000000000004e-06,0.0024105000000000003,-0.0036649999999999994,-0.0033255000000000003,1.1058950250000003e-05,-2.7111956319557233
2024-10-13,88352,0.003342105263157895,4.327017543859648e-06,0.004887,0.005818299999999999,-0.001544894736842105,2.3866997479224367e-06,-0.7426848512803763
2024-10-27,86580,0.004078947368421053,2.6339766081871354e-06,-0.0036432000000000005,0.0045104,0.007722147368421053,5.963155997961219e-05,4.758084258870424
2024-10-27,14593,0.0009250000000000001,1.284078947368421e-06,0.0013128999999999999,-0.0017646000000000005,-0.0003878999999999997,1.5046640999999979e-07,-0.3423134131090155
2024-10-27,10107,0.00039473684210526315,1.1094152046783627e-06,-0.0010556,-0.0010785000000000002,0.0014503368421052631,2.1034769555678668e-06,1.3769615790367586
2024-10-27,84788,0.008750000000000003,2.013157894736843e-06,-0.005281700000000001,0.0106476,0.014031700000000005,0.00019688860489000014,9.8894325232358
2024-10-27,13407,0.0030500000000000006,1.897368421052631e-06,-0.005154,0.0029785,0.008204,6.730561599999999e-05,5.955933192554696
2024-10-27,90319,0.006820000000000001,1.7722105263157902e-06,-0.0077082999999999995,0.0078163,0.014528300000000001,0.00021107150089000004,10.913326370625349
2024-10-27,93436,0.016085000000000002,5.077607894736842e-05,0.0103604,0.0192009,0.0057246000000000016,3.2771045160000016e-05,0.8033699185765002
2024-10-27,14542,0.00524,4.298315789473684e-06,-0.007466100000000001,0.0076226,0.012706100000000001,0.00016144497721000005,6.128625860813963
2024-10-27,93002,0.005725000000000001,1.4272368421052632e-06,-0.0110326,0.006274300000000001,0.0167576,0.00028081715776000004,14.026967662037004
2024-10-27,50876,0.0017100000000000001,5.8704210526315785e-06,-0.010132399999999998,-0.006650699999999998,0.011842399999999998,0.00014024243775999994,4.887706285602149
2024-10-27,55976,0.00302,5.848421052631578e-07,0.0065027,0.002805,-0.0034827,1.212919929e-05,-4.554039047281925
2024-10-27,47896,0.005240000000000002,7.983157894736843e-07,0.0048176,0.007145499999999999,0.0004224000000000016,1.7842176000000133e-07,0.4727554563608854
2024-10-27,83443,0.0019450000000000005,5.141842105263159e-07,0.0028167,0.002247,-0.0008716999999999996,7.598608899999992e-07,-1.2156475463545662
2024-10-27,92655,0.007335000000000001,3.805552631578949e-06,-0.003962799999999999,0.008878899999999999,0.0112978,0.00012764028484,5.791419392113682
2024-10-27,11850,0.001225,3.317763157894738e-06,0.0014214000000000002,0.0014355999999999996,-0.00019640000000000022,3.8572960000000084e-08,-0.10782483279247956
2024-10-27,10104,0.0065509999999999995,5.904230526315788e-06,0.0016480000000000002,0.008974,0.004902999999999999,2.4039408999999993e-05,2.017809862054702
2024-10-27,92611,0.008585,1.4912921052631583e-05,0.0008778,0.0090406,0.007707200000000001,5.940093184000001e-05,1.9957919638747414
2024-10-27,91233,0.003005,1.7047105263157894e-06,-0.0007130000000000003,0.003494499999999999,0.003718,1.3823524e-05,2.847633307246323
2024-10-27,87055,0.007555000000000002,1.7760499999999997e-05,0.0022114,0.0059486999999999995,0.005343600000000002,2.8554060960000023e-05,1.2679623180827189
2024-10-27,66181,0.0022700000000000003,2.124315789473684e-06,0.003527599999999999,0.0018702000000000002,-0.0012575999999999985,1.581557759999996e-06,-0.8628454039802905
2024-10-27,18163,0.0011,2.246315789473684e-06,0.0050302,-0.00020339999999999977,-0.0039302,1.544647204e-05,-2.622281109715215
2024-10-27,22111,-0.00053,1.8801052631578947e-06,-0.00014590000000000016,-0.0034000999999999997,-0.00038409999999999985,1.475328099999999e-07,-0.2801258740117683
2024-10-27,13721,0.004273684210526317,5.648713450292397e-06,-0.010994899999999998,0.006238499999999998,0.015268584210526315,0.0002331296637939335,6.424273125838351
2024-10-27,59408,0.005700000000000001,1.8473684210526314e-06,0.0041156,0.007837199999999999,0.0015844000000000014,2.5103233600000046e-06,1.1657034343545958
2024-10-27,89393,0.005317500000000001,8.09809210526316e-07,0.012303600000000001,0.0052756999999999995,-0.0069861,4.8805593210000006e-05,-7.763247674794107
2024-10-27,90215,0.009005,9.365763157894739e-06,0.0063636,0.010465499999999999,0.002641400000000001,6.976993960000006e-06,0.8631029240843533
2024-10-27,14541,0.003255,1.777342105263158e-06,0.0044681,0.004072199999999999,-0.0012131,1.4716116099999998e-06,-0.9099365039857317
2024-10-27,11308,-0.0008421052631578948,3.41812865497076e-06,3.250000000000015e-05,-0.0045301,-0.000874605263157895,7.649343663434907e-07,-0.4730618043503634
2024-10-27,91937,0.003790000000000001,3.830526315789475e-07,0.0013019,0.0039412,0.002488100000000001,6.190641610000005e-06,4.020116197176629
2024-10-27,22752,0.0005049999999999999,9.331315789473684e-07,-0.0035959999999999994,-0.0009674999999999999,0.004101,1.6818200999999997e-05,4.245397167111387
2024-10-27,61241,0.0024349999999999997,2.0019236842105263e-05,-0.0065328999999999995,-0.0045813999999999985,0.0089679,8.042323040999998e-05,2.0043197136687265
2024-10-27,38703,0.006040000000000001,3.274105263157895e-06,0.0082299,0.009658400000000001,-0.002189899999999999,4.7956620099999955e-06,-1.2102580070549782
2024-10-27,76076,0.0025849999999999996,8.938184210526317e-06,0.0008943999999999998,0.004153600000000001,0.0016905999999999998,2.8581283599999993e-06,0.565478652145568
2024-10-27,13856,0.00027,2.8001052631578944e-06,-0.0017954000000000004,-0.0039205,0.0020654000000000002,4.265877160000001e-06,1.2342893841494047
2024-10-27,89071,0.0008299999999999998,1.2537894736842103e-06,0.0009823999999999996,-0.0012949999999999997,-0.0001523999999999998,2.322575999999994e-08,-0.13610455417940182
2024-10-27,18143,-1.0000000000000026e-05,2.618842105263158e-06,-0.0009986,-0.0029628000000000002,0.0009886,9.773299600000002e-07,0.6108941252789502
2024-10-27,75510,0.0021315789473684214,5.500584795321639e-07,0.0037386000000000003,0.0023539,-0.001607021052631579,2.5825166636011078e-06,-2.166791554784612
2024-10-27,43449,0.0022050000000000004,3.141842105263158e-07,-0.0029127,0.0022069,0.0051177,2.6190853290000003e-05,9.130249512131732
2024-10-27,62092,0.000115,1.3697631578947369e-06,-0.007088499999999999,-0.00043560000000000023,0.007203499999999999,5.1890412249999985e-05,6.1548974318420395
2024-10-27,69032,0.006860000000000001,9.026736842105265e-06,0.0040043,0.011766500000000003,0.002855700000000001,8.155022490000006e-06,0.950489209230482
2024-10-27,13447,0.0049700000000000005,4.12642105263158e-06,0.0052142,0.0059476,-0.00024419999999999997,5.963363999999998e-08,-0.12021506327082405
2024-10-27,20482,0.0018947368421052633,4.871929824561403e-07,0.0010263999999999998,0.0021884000000000005,0.0008683368421052635,7.540088713573413e-07,1.2440496568461006
2024-10-27,59176,0.00592,2.513263157894736e-06,0.0047447,0.007637600000000001,0.0011752999999999998,1.3813300899999995e-06,0.74136103049884
2024-10-27,15579,0.006620000000000001,2.664842105263158e-06,-0.010452900000000001,0.007192799999999999,0.017072900000000002,0.00029148391441000007,10.458551895262172
2024-10-27,12060,0.00426,1.0779368421052632e-05,-0.0019390000000000004,0.003306,0.0061990000000000005,3.842760100000001e-05,1.8880999403916203
2024-10-27,12490,0.00092,1.131157894736842e-06,0.0051526,-0.00034419999999999996,-0.0042326,1.7914902760000003e-05,-3.979656721090178
2024-10-27,92602,0.00048000000000000007,3.5058947368421055e-06,0.0030171000000000004,-0.0026309999999999997,-0.0025371000000000005,6.4368764100000025e-06,-1.3549964241294925
2024-10-27,78975,0.009415000000000001,7.455026315789472e-06,-0.006211700000000001,0.0118536,0.015626700000000004,0.0002441937528900001,5.723249569425062
2024-10-27,88352,0.004765000000000001,6.392368421052633e-07,0.002153,0.004887,0.002612000000000001,6.822544000000006e-06,3.266948391518466
2024-10-27,18542,0.00228,6.492210526315788e-06,0.0011087,0.0024105000000000003,0.0011713,1.3719436899999998e-06,0.459697186834161
2024-11-10,86580,-0.001065,4.0623947368421056e-06,0.0006176666666666652,-0.0036432000000000005,-0.0016826666666666652,2.831367111111106e-06,-0.8348472695135652
2024-11-10,14593,0.0013400000000000003,8.884210526315791e-08,0.006133,0.0013128999999999999,-0.004793,2.2972849000000002e-05,-16.08044297670354
2024-11-10,10107,-0.0004080000000000001,6.317069473684212e-06,0.006935222222222221,-0.0010556,-0.0073432222222222215,5.3922912604938264e-05,-2.9216544148887906
2024-11-10,84788,-0.00237,2.4611578947368426e-06,0.015889666666666667,-0.005281700000000001,-0.018259666666666667,0.00033341542677777777,-11.639199356147685
2024-11-10,13407,-0.0021789473684210524,3.3884210526315793e-06,0.01233911111111111,-0.005154,-0.014518058479532163,0.00021077402201511572,-7.886963949846735
2024-11-10,93436,0.008435000000000002,1.1210815789473683e-05,0.011476555555555556,0.0103604,-0.0030415555555555543,9.251060197530857e-06,-0.9084000411511204
2024-11-10,90319,-0.002525,6.243026315789474e-06,0.0065795555555555555,-0.0077082999999999995,-0.009104555555555555,8.289293186419752e-05,-3.6438556775118345
2024-11-10,14542,-0.00228,6.653263157894737e-06,0.006490222222222223,-0.007466100000000001,-0.008770222222222223,7.69167978271605e-05,-3.400112188163685
2024-11-10,93002,-0.0024999999999999996,1.0111111111111113e-05,0.010173111111111112,-0.0110326,-0.01267311111111111,0.00016060774523456788,-3.985509063560951
2024-11-10,55976,0.004735000000000001,1.0775026315789472e-05,0.006330333333333333,0.0065027,-0.0015953333333333314,2.545088444444438e-06,-0.48600671498979386
2024-11-10,50876,-0.002445,1.1758394736842109e-05,0.011277777777777777,-0.010132399999999998,-0.013722777777777778,0.0001883146299382716,-4.00191640705177
2024-11-10,47896,0.004595,3.5604999999999996e-06,-0.0005085555555555555,0.0048176,0.005103555555555556,2.6046279308641975e-05,2.7046891053277413
2024-11-10,83443,0.0025100000000000005,2.2726315789473684e-07,-0.0013963333333333334,0.0028167,0.003906333333333334,1.5259440111111113e-05,8.194166438387049
2024-11-10,92655,-0.002157894736842105,2.242573099415205e-06,-0.007694222222222223,-0.003962799999999999,0.005536327485380118,3.065092202537534e-05,3.696991631311326
2024-11-10,11850,0.001226,1.4762526315789472e-07,-0.0076809999999999995,0.0014214000000000002,0.008907,7.9334649e-05,23.1820111252986
2024-11-10,10104,0.0012421052631578949,1.6146198830409357e-07,-8.86666666666663e-05,0.0016480000000000002,0.0013307719298245612,1.7709539292089869e-06,3.311833413866128
2024-11-10,92611,0.0007040000000000001,1.3589894736842104e-07,0.0004190000000000001,0.0008778,0.000285,8.122499999999999e-08,0.7731020299208513
2024-11-10,91233,0.00013499999999999997,2.6344736842105264e-07,0.0016596666666666665,-0.0007130000000000003,-0.0015246666666666666,2.324608444444444e-06,-2.970489168873748
2024-11-10,87055,0.0016400000000000002,1.8677894736842114e-06,0.0032863333333333334,0.0022114,-0.0016463333333333332,2.710413444444444e-06,-1.2046303746877203
2024-11-10,66181,0.00358421052631579,4.52140350877193e-06,0.003587777777777778,0.003527599999999999,-3.5672514619878443e-06,1.2725282993054412e-11,-0.0016776335050951224
2024-11-10,18163,0.004525,1.0640789473684213e-06,-0.001509888888888889,0.0050302,0.006034888888888889,3.641988390123457e-05,5.850356794220654
2024-11-10,89393,0.009340000000000003,7.0698947368421035e-06,0.00460311111111111,0.012303600000000001,0.004736888888888893,2.243811634567905e-05,1.7815036806703546
2024-11-10,22111,0.0001275,1.3038815789473684e-07,-0.003361333333333333,-0.00014590000000000016,0.003488833333333333,1.2171958027777774e-05,9.661869075029914
2024-11-10,59408,0.0036350000000000006,1.6139736842105264e-06,5.4999999999999914e-05,0.0041156,0.0035800000000000007,1.2816400000000005e-05,2.81795985626923
2024-11-10,90215,0.00506,4.269894736842106e-06,0.007045666666666666,0.0063636,-0.001985666666666666,3.942872111111108e-06,-0.9609432953873472
2024-11-10,13721,0.002525,2.08325e-05,-0.0003964444444444434,-0.010994899999999998,0.0029214444444444435,8.534837641975303e-06,0.6400692106003764
2024-11-10,14541,0.0035800000000000007,2.943157894736843e-07,-0.004895888888888889,0.0044681,0.00847588888888889,7.184069245679015e-05,15.623505116925363
2024-11-10,91937,0.001085,5.560789473684211e-07,0.002970888888888889,0.0013019,-0.0018858888888888888,3.5565769012345675e-06,-2.5289944431005242
2024-11-10,11308,0.001335,2.1455526315789467e-06,-0.001565111111111111,3.250000000000015e-05,0.002900111111111111,8.410644456790124e-06,1.9799081847368056
2024-11-10,38703,0.011615,0.00043524239473684214,-0.002348888888888888,0.0082299,0.013963888888888889,0.00019499019290123457,0.6693307674448677
2024-11-10,22752,-0.000665,1.4971315789473683e-06,0.004384555555555555,-0.0035959999999999994,-0.0050495555555555545,2.5498011308641966e-05,-4.126892623093862
2024-11-10,76076,0.0008274999999999999,1.3354605263157892e-07,0.0025318888888888886,0.0008943999999999998,-0.0017043888888888888,2.904941484567901e-06,-4.663942274249326
2024-11-10,75510,0.0032052631578947375,2.6163742690058474e-07,0.00869,0.0037386000000000003,-0.005484736842105263,3.008233822714681e-05,-10.722742091577917
2024-11-10,61241,0.00014999999999999993,5.2278947368421065e-06,0.00037711111111111045,-0.0065328999999999995,-0.00022711111111111052,5.157945679012319e-08,-0.09932874877068648
2024-11-10,89071,0.00081,1.6936842105263156e-07,0.0013189999999999999,0.0009823999999999996,-0.0005089999999999999,2.590809999999999e-07,-1.2368059416206294
2024-11-10,13856,0.0007350000000000001,2.6613421052631575e-06,-0.0019567777777777778,-0.0017954000000000004,0.0026917777777777777,7.245667604938272e-06,1.6500186420448628
2024-11-10,13447,0.0053050000000000016,2.8715236842105266e-05,0.006757222222222222,0.0052142,-0.0014522222222222202,2.1089493827160436e-06,-0.271004733665428
2024-11-10,69032,0.0045,3.868315789473684e-05,-0.003946666666666667,0.0040043,0.008446666666666667,7.134617777777777e-05,1.358077004439532
2024-11-10,18143,8.000000000000002e-05,6.974736842105263e-07,-0.0009386666666666668,-0.0009986,0.0010186666666666669,1.0376817777777782e-06,1.219742572094881
2024-11-10,59176,0.004385,1.526605263157895e-06,0.0010116666666666668,0.0047447,0.0033733333333333332,1.1379377777777777e-05,2.730208913023776
2024-11-10,26403,0.013175000000000001,3.0717763157894746e-05,0.0010585555555555552,0.015917900000000002,0.012116444444444445,0.00014680822597530865,2.1861522368085513
2024-11-10,43449,-0.0013000000000000002,1.2463157894736844e-06,0.003993333333333333,-0.0029127,-0.005293333333333333,2.8019377777777774e-05,-4.741493885292299
2024-11-10,12490,0.004145000000000001,1.3320789473684213e-06,0.007325999999999999,0.0051526,-0.003180999999999998,1.0118760999999987e-05,-2.756123580533584
2024-11-10,20482,0.0009549999999999999,5.7342105263157866e-08,-0.002034888888888889,0.0010263999999999998,0.002989888888888889,8.939435567901236e-06,12.485853428302942
2024-11-10,92602,0.0019263157894736846,9.076491228070173e-06,0.0005474444444444449,0.0030171000000000004,0.0013788713450292398,1.901286186142745e-06,0.45768296714147905
2024-11-10,62092,-0.0025631578947368423,6.213567251461989e-06,0.003498222222222222,-0.007088499999999999,-0.006061380116959064,3.674032892226667e-05,-2.431649740121676
2024-11-10,12060,-0.0005149999999999999,6.855526315789473e-07,-0.0032169999999999994,-0.0019390000000000004,0.0027019999999999995,7.300803999999997e-06,3.2633596813895047
2024-11-10,88352,0.0017100000000000001,2.8726315789473685e-07,0.0005640000000000004,0.002153,0.0011459999999999999,1.3133159999999998e-06,2.1381819176086414
2024-11-10,18542,0.0015800000000000002,5.037894736842105e-07,-0.0006421111111111112,0.0011087,0.0022221111111111113,4.937777790123458e-06,3.130698365172316
2024-11-10,86868,0.002105,4.0786842105263156e-07,-1.2000000000000051e-05,0.0023605,0.002117,4.481689e-06,3.3148266151853565
2024-11-24,14593,0.005655,4.0997368421052626e-07,0.0047576,0.0061105,0.0008974000000000005,8.053267600000008e-07,1.4015483189960942
2024-11-24,86580,0.0008449999999999999,5.7236578947368415e-06,-0.0053491,-0.002662199999999999,0.0061941,3.836687481e-05,2.589055609112253
2024-11-24,10107,0.006940000000000002,4.5094736842105243e-07,-0.0014918999999999996,0.007242,0.0084319,7.109693761000001e-05,12.556324152101674
2024-11-24,84788,0.011210000000000001,2.7346315789473695e-06,-0.0007505999999999999,0.0136656,0.011960600000000002,0.00014305595236000003,7.232751668227871
2024-11-24,13407,0.008440000000000003,2.328842105263158e-06,-0.006152,0.010403699999999998,0.014592000000000004,0.00021292646400000013,9.56191323829667
2024-11-24,93436,0.011110000000000004,1.868410526315789e-05,0.0088508,0.014132899999999999,0.002259200000000003,5.103984640000013e-06,0.5226591125214207
2024-11-24,90319,0.004045,7.278684210526316e-07,0.009707200000000001,0.0042095,-0.005662200000000001,3.206050884000001e-05,-6.636800553355325
2024-11-24,14542,0.004195,1.0471052631578954e-07,0.0094773,0.004263600000000001,-0.005282299999999999,2.7902693289999992e-05,-16.324049062300347
2024-11-24,93002,0.007610000000000001,5.558842105263158e-06,0.024511400000000003,0.0093327,-0.0169014,0.00028565732196000003,-7.1685366667400245
2024-11-24,50876,0.007885000000000001,2.889763157894737e-06,-0.007298999999999998,0.0098953,0.015184,0.00023055385599999998,8.93213071764499
2024-11-24,55976,0.007175000000000001,5.40921052631579e-07,-0.0034033,0.008016600000000002,0.0105783,0.00011190043089000001,14.382982007696263
2024-11-24,47896,0.00113,1.1464210526315788e-06,-0.0039237,0.0010907999999999998,0.0050536999999999995,2.5539883689999994e-05,4.719949816941573
2024-11-24,83443,0.0007149999999999999,1.8876578947368423e-06,-0.0037059999999999997,-0.00030130000000000044,0.004421,1.9545240999999996e-05,3.2177986899302202
2024-11-24,92611,0.00038421052631578946,5.869590643274853e-07,0.0022026,0.0003835999999999999,-0.0018183894736842105,3.30654027800554e-06,-2.37346592886483
2024-11-24,10104,0.001186,2.668551578947369e-06,-0.0118827,-0.00015259999999999997,0.013068699999999999,0.00017079091968999997,8.000084751458179
2024-11-24,92655,-0.00115,5.2910526315789486e-06,-0.008591999999999999,-0.0080328,0.007441999999999999,5.5383363999999984e-05,3.235330298540556
2024-11-24,11850,-0.002945,5.203657894736842e-06,-0.0069733,-0.0070277,0.0040283,1.622720089e-05,1.7659054133807477
2024-11-24,91233,0.0018950000000000002,1.8541842105263156e-06,-5.280000000000007e-05,0.0026119,0.0019478000000000002,3.7939248400000005e-06,1.4304343225589116
2024-11-24,87055,0.0035800000000000007,1.5747368421052638e-07,-0.0039275000000000004,0.0038325,0.007507500000000001,5.636255625000002e-05,18.918702449948988
2024-11-24,66181,0.004970000000000001,8.190526315789475e-07,-0.009265,0.005555700000000001,0.014235000000000001,0.00020263522500000002,15.729016444007199
2024-11-24,18163,0.00076,1.6677894736842101e-06,-0.0033399,0.0006845,0.0040999,1.680918001e-05,3.1746996917396197
2024-11-24,89393,0.004275000000000001,9.714473684210529e-07,-0.002653600000000001,0.004177299999999999,0.006928600000000002,4.800549796000002e-05,7.029684784510525
2024-11-24,22111,-0.0001,1.3926315789473685e-06,-0.0032335000000000003,-0.0032374000000000005,0.0031335000000000004,9.818822250000002e-06,2.655287674820644
2024-11-24,59408,0.0014249999999999996,1.0725e-06,-0.005570799999999999,0.0012118000000000003,0.006995799999999998,4.894121763999997e-05,6.755208135977228
2024-11-24,90215,0.00595,2.254210526315788e-06,-0.004893699999999998,0.0081995,0.010843699999999998,0.00011758582968999995,7.222378710663971
2024-11-24,13721,0.0020300000000000006,8.002210526315792e-06,-0.0002710999999999998,0.002682900000000001,0.0023011000000000004,5.295061210000002e-06,0.8134493304095446
2024-11-24,91937,0.0028150000000000002,2.579236842105263e-06,-0.0098108,0.0033924000000000003,0.0126258,0.00015941082564,7.8616425522267
2024-11-24,14541,-0.0005526315789473684,3.598187134502924e-06,-0.0081902,-0.0039547,0.007637568421052631,5.8332451386260384e-05,4.02636591306742
2024-11-24,11308,0.00023499999999999997,7.213421052631578e-07,7.790000000000002e-05,-0.0011577000000000002,0.00015709999999999994,2.4680409999999982e-08,0.18497180883343636
2024-11-24,22752,0.0028550000000000003,1.2373421052631576e-06,-0.0041062,0.0032651,0.006961200000000001,4.845830544000001e-05,6.258052693985919
2024-11-24,38703,0.00133,2.0811578947368425e-06,-0.005375199999999998,-0.0006038999999999992,0.006705199999999998,4.4959707039999974e-05,4.6479261705098684
2024-11-24,75510,0.008735000000000001,1.4076578947368429e-06,-0.020088500000000002,0.009349399999999999,0.028823500000000002,0.0008307941522500001,24.293951229821737
2024-11-24,76076,0.00361,4.967368421052633e-07,-0.002271000000000001,0.0039986,0.005881000000000001,3.458616100000001e-05,8.34426317983858
2024-11-24,13447,0.00553,2.291684210526316e-06,-0.002788800000000001,0.0073756,0.008318800000000001,6.920243344000002e-05,5.495197387391785
2024-11-24,89071,0.00083,8.053684210526316e-07,0.001310299999999999,0.0005251,-0.00048029999999999904,2.306880899999991e-07,-0.535198993843757
2024-11-24,61241,0.00138,7.279999999999998e-07,-0.0147405,0.0009648999999999994,0.0161205,0.00025987052024999997,18.89351741586004
2024-11-24,12490,0.006530000000000001,8.411578947368424e-07,-0.006203000000000001,0.0068497,0.012733000000000001,0.00016212928900000004,13.883276602728959
2024-11-24,13856,0.000125,1.1746052631578949e-06,-0.0031485,-0.0007258000000000003,0.0032735,1.071580225e-05,3.0204133003588893
2024-11-24,43449,0.00408,4.774736842105265e-07,-0.0020926,0.0042214,0.0061726,3.8100990760000006e-05,8.932919374391705
2024-11-24,59176,0.0036649999999999994,1.2239473684210536e-07,-0.0015798999999999987,0.0037433000000000006,0.0052448999999999985,2.7508976009999984e-05,14.991871146348482
2024-11-24,18143,0.000626,8.943621052631579e-07,-0.005692800000000001,-0.0009084999999999998,0.006318800000000001,3.9927233440000016e-05,6.681560645973544
2024-11-24,26403,0.0013800000000000002,4.7642105263157887e-07,-0.0036201999999999996,0.0017634,0.0050002,2.5002000039999998e-05,7.24422454799765
2024-11-24,69032,-0.000825,1.8493421052631579e-06,-0.0049426,-0.0037741999999999997,0.0041176,1.6954629759999998e-05,3.0278581574135646
2024-11-24,92602,0.00031000000000000005,7.535789473684209e-07,-0.004911899999999999,-0.0004371,0.0052219,2.7268239609999997e-05,6.015395300816672
2024-11-24,62092,0.00251,5.409473684210526e-07,-0.0008643999999999999,0.0025981,0.0033744,1.138657536e-05,4.587954013667055
2024-11-24,20482,5e-05,6.468421052631579e-07,-0.0011558000000000002,-0.001405,0.0012058000000000001,1.4539536400000004e-06,1.4992571841247637
2024-11-24,88352,0.0008,9.88888888888889e-07,-0.0047388,8.200000000000135e-06,0.0055388,3.067830544e-05,5.569829934667987
2024-11-24,18542,0.001235,4.0449999999999995e-07,-0.007483799999999999,0.0014498999999999998,0.008718799999999999,7.601747343999997e-05,13.708737249795503
2024-11-24,12060,0.00040999999999999994,1.262e-06,-0.0039908,-0.0015242999999999997,0.0044008,1.9367040639999998e-05,3.917436400967601
2024-11-24,86868,0.00076,4.1094736842105255e-07,-0.0055937,0.0011081,0.0063537,4.036950369000001e-05,9.911368041736736
2024-12-08,14593,0.004360000000000001,5.162105263157898e-07,-0.0055111249999999995,0.0047576,0.009871125000000001,9.743910876562503e-05,13.738939888672894
2024-12-08,86580,0.000865,9.0645e-06,0.009075125,-0.0053491,-0.008210125,6.7406152515625e-05,-2.7269541924463865
2024-12-08,10107,-0.0005099999999999998,7.904210526315789e-07,-0.003800875,-0.0014918999999999996,0.0032908750000000004,1.0829858265625002e-05,3.7015373583436135
2024-12-08,84788,0.00049,6.051473684210526e-06,-0.0003357499999999997,-0.0007505999999999999,0.0008257499999999997,6.818630624999995e-07,0.3356742350103495
2024-12-08,93436,0.00515,4.617368421052631e-06,-0.0018827499999999999,0.0088508,0.00703275,4.94595725625e-05,3.2728636692310635
2024-12-08,13407,-0.003815000000000001,5.737131578947369e-06,0.004184375,-0.006152,-0.007999375000000001,6.399000039062502e-05,-3.339709186792705
2024-12-08,90319,0.0067550000000000015,4.557342105263159e-06,0.0003028750000000002,0.009707200000000001,0.006452125000000001,4.162991701562502e-05,3.02236531869961
2024-12-08,14542,0.00678,6.133263157894737e-06,0.00016737500000000064,0.0094773,0.006612624999999999,4.3726809390624986e-05,2.6701034940583392
2024-12-08,93002,0.009685000000000003,4.336871052631579e-05,0.007153125000000001,0.024511400000000003,0.002531875000000002,6.41039101562501e-06,0.3844625177957329
2024-12-08,55976,-0.001225,2.171565789473684e-05,-0.0019025000000000003,-0.0034033,0.0006775000000000004,4.590062500000005e-07,0.14538607229174458
2024-12-08,50876,-0.00363,7.060105263157896e-06,0.0024051249999999993,-0.007298999999999998,-0.006035124999999999,3.6422733765624986e-05,-2.2713323241343137
2024-12-08,47896,0.0006722222222222222,9.702124183006536e-06,0.002991,-0.0039237,-0.002318777777777778,5.376730382716051e-06,-0.7444331685332267
2024-12-08,83443,-0.0007699999999999999,2.6106315789473683e-06,0.00011675000000000021,-0.0037059999999999997,-0.0008867500000000001,7.863255625000001e-07,-0.5488180717744392
2024-12-08,92611,0.002275,2.1514473684210526e-06,-0.00108675,0.0022026,0.00336175,1.1301363062500002e-05,2.291923145346963
2024-12-08,91233,0.0008075000000000001,1.1300723684210526e-06,-0.0015609999999999999,-5.280000000000007e-05,0.0023685,5.60979225e-06,2.2280260333397215
2024-12-08,10104,-0.003125,1.5470394736842106e-05,-0.0024471249999999996,-0.0118827,-0.0006778750000000005,4.595145156250007e-07,-0.17234509187433975
2024-12-08,11850,-0.0016631578947368423,6.389122807017544e-06,0.002351875,-0.0069733,-0.004015032894736842,1.6120489145818903e-05,-1.5884314959274504
2024-12-08,92655,-0.0019999999999999996,9.830526315789473e-06,0.0032121249999999997,-0.008591999999999999,-0.005212125,2.7166247015624996e-05,-1.6623651954777088
2024-12-08,87055,-0.0008799999999999999,2.453263157894737e-06,-0.004953875,-0.0039275000000000004,0.004073875,1.6596457515625003e-05,2.6009717239519596
2024-12-08,18163,-0.0008263157894736843,2.0076023391812873e-06,-0.0021711249999999994,-0.0033399,0.0013448092105263151,1.808511812716411e-06,0.9491215371716412
2024-12-08,66181,-0.0021947368421052628,1.3169415204678365e-05,-0.0010806249999999996,-0.009265,-0.0011141118421052632,1.241245196719183e-06,-0.30700506834640673
2024-12-08,89393,-0.0017400000000000002,2.523936842105263e-05,-0.0038391249999999997,-0.002653600000000001,0.0020991249999999994,4.4063257656249975e-06,0.4178294617384452
2024-12-08,22111,-0.0012450000000000002,1.839447368421053e-06,-0.00022375,-0.0032335000000000003,-0.0010212500000000002,1.0429515625000004e-06,-0.7529885746253786
2024-12-08,59408,-0.001775,2.6114473684210524e-06,0.0018290000000000003,-0.005570799999999999,-0.0036040000000000004,1.2988816000000004e-05,-2.2302017055194496
2024-12-08,90215,-0.0012631578947368421,9.148011695906433e-06,-0.003945875,-0.004893699999999998,0.002682717105263158,7.196971066871537e-06,0.886975293410248
2024-12-08,13721,0.00077,5.411578947368423e-07,0.004000125,-0.0002710999999999998,-0.0032301250000000004,1.0433707515625002e-05,-4.390938251395711
2024-12-08,11308,0.00034250000000000003,1.082723684210527e-07,-0.001597125,7.790000000000002e-05,0.001939625,3.762145140625e-06,5.894662637702031
2024-12-08,14541,-0.0025800000000000003,7.281684210526316e-06,0.004329,-0.0081902,-0.006909,4.7734281e-05,-2.5603496161639456
2024-12-08,91937,-0.0022526315789473685,1.1289298245614037e-05,-0.0006679999999999998,-0.0098108,-0.0015846315789473688,2.511057240997231e-06,-0.47162284428762213
2024-12-08,22752,-0.0010999999999999998,2.2063157894736845e-06,0.00141425,-0.0041062,-0.00251425,6.3214530625e-06,-1.6926790626261548
2024-12-08,38703,-0.0014449999999999999,4.5194473684210535e-06,0.001754,-0.005375199999999998,-0.0031989999999999996,1.0233600999999997e-05,-1.504775021414938
2024-12-08,76076,-0.00016999999999999999,1.6306315789473685e-06,0.0015945,-0.002271000000000001,-0.0017645,3.11346025e-06,-1.3817953865944799
2024-12-08,89071,0.0012920000000000002,1.2362273684210525e-06,-0.004281375,0.001310299999999999,0.005573375,3.1062508890625e-05,5.012669695189447
2024-12-08,13447,-0.000475,1.2419736842105262e-06,-0.0019476249999999995,-0.002788800000000001,0.0014726249999999995,2.1686243906249985e-06,1.3214050800597008
2024-12-08,59176,0.00011,8.998947368421054e-07,0.0021817499999999997,-0.0015798999999999987,-0.00207175,4.292148062499999e-06,-2.183943967240694
2024-12-08,43449,-0.00049,8.535789473684213e-07,0.0009225000000000001,-0.0020926,-0.0014125000000000001,1.9951562500000003e-06,-1.5288560948667462
2024-12-08,13856,-0.0005789473684210526,1.1006432748538011e-06,-0.0025681249999999997,-0.0031485,0.001989177631578947,3.956827649974029e-06,1.8960521348947617
2024-12-08,12490,-0.0022,5.617777777777778e-06,-0.0003640000000000002,-0.006203000000000001,-0.001836,3.3708959999999997e-06,-0.7746230197875674
2024-12-08,26403,-0.0009749999999999998,1.853552631578947e-06,-0.0009543750000000001,-0.0036201999999999996,-2.0624999999999702e-05,4.253906249999877e-10,-0.015149262679144574
2024-12-08,18143,-0.0007650000000000001,3.197131578947368e-06,-0.00320125,-0.005692800000000001,0.00243625,5.9353140625e-06,1.3625159565572593
2024-12-08,62092,0.0002736842105263158,7.8093567251462e-07,0.0019249999999999996,-0.0008643999999999999,-0.001651315789473684,2.726843836565096e-06,-1.8686264968335697
2024-12-08,69032,-0.002263157894736842,7.67578947368421e-06,0.00256,-0.0049426,-0.004823157894736842,2.326285207756232e-05,-1.7408844746087129
2024-12-08,20482,-4.000000000000002e-05,4.446315789473685e-07,-0.0004111249999999998,-0.0011558000000000002,0.0003711249999999998,1.3773376562499986e-07,0.5565703396282928
2024-12-08,75510,-0.0031400000000000004,3.5301473684210535e-05,-0.004682124999999999,-0.020088500000000002,0.0015421249999999984,2.378149515624995e-06,0.25955127098583297
2024-12-08,61241,-0.0034300000000000003,2.0651684210526316e-05,0.0065755,-0.0147405,-0.0100055,0.00010011003025000002,-2.201714783597642
2024-12-08,92602,-0.0021,3.7399999999999993e-06,-0.0008352500000000001,-0.004911899999999999,-0.0012647499999999998,1.5995925624999995e-06,-0.6539866559212004
2024-12-08,88352,-0.002205263157894737,3.539415204678363e-06,0.002639375,-0.0047388,-0.004844638157894737,2.3470518880929713e-05,-2.5751088379830662
2024-12-08,12060,0.00026842105263157897,4.1033918128654965e-06,0.0029089999999999997,-0.0039908,-0.002640578947368421,6.972657177285317e-06,-1.3035499059740216
2024-12-08,78975,0.00031000000000000005,2.3252631578947373e-07,-0.002537875,-0.00024219999999999987,0.002847875,8.110392015625001e-06,5.905883392494219
2024-12-08,86868,-0.0015899999999999998,6.456736842105263e-06,0.003104375,-0.0055937,-0.004694375,2.2037156640624997e-05,-1.8474438016274788
2024-12-22,14593,-0.00027500000000000007,8.430263157894737e-07,-0.006115666666666668,-0.0018257999999999996,0.005840666666666668,3.411338711111112e-05,6.361241087722333
2024-12-22,86580,0.009120000000000003,3.730105263157896e-06,-0.004820333333333333,0.0117094,0.013940333333333336,0.0001943328934444445,7.2179291474353295
2024-12-22,10107,-0.000285,2.369763157894737e-06,0.0015521111111111115,-0.0032213999999999993,-0.0018371111111111114,3.3749772345679022e-06,-1.193391532857766
2024-12-22,84788,0.0016164999999999999,1.0376078947368421e-07,0.0009976666666666667,0.0017175000000000003,0.0006188333333333332,3.829546944444443e-07,1.9211313766033493
2024-12-22,13407,0.00132,1.986947368421053e-06,0.0017395555555555556,0.0013433999999999994,-0.0004195555555555556,1.7602686419753092e-07,-0.2976434257880413
2024-12-22,93436,-0.000615,4.858184210526315e-06,0.004858,-0.005870200000000001,-0.0054730000000000004,2.9953729000000004e-05,-2.483067119383489
2024-12-22,90319,0.00148,7.732631578947367e-07,0.0025437777777777785,0.0018391000000000002,-0.0010637777777777785,1.1316231604938287e-06,-1.2097266672291331
2024-12-22,93002,0.003075,1.954605263157895e-06,0.002497777777777777,0.0044838000000000005,0.0005772222222222229,3.331854938271613e-07,0.41287017421102373
2024-12-22,14542,0.0017426315789473685,4.435315789473683e-07,0.002640111111111111,0.0016156999999999999,-0.0008974795321637424,8.054695106528499e-07,-1.3476039634256087
2024-12-22,50876,0.0019999999999999996,6.010526315789475e-07,-0.007865000000000002,0.0023356,0.009865000000000002,9.731822500000004e-05,12.724503283050003
2024-12-22,55976,-8.999999999999999e-05,9.209473684210525e-07,0.0014545555555555553,-0.0029243000000000003,-0.0015445555555555553,2.38565186419753e-06,-1.6094820157779477
2024-12-22,47896,0.004495000000000001,1.4173421052631578e-06,0.0076902222222222216,0.005508900000000001,-0.003195222222222221,1.0209445049382708e-05,-2.6838838900072477
2024-12-22,83443,0.00195,2.579473684210526e-06,0.003537888888888888,0.0015682,-0.0015878888888888882,2.521391123456788e-06,-0.9886772911713521
2024-12-22,92611,0.0014550000000000001,1.5313157894736837e-07,0.0017032222222222225,0.0016756999999999994,-0.0002482222222222224,6.161427160493835e-08,-0.6343198162722266
2024-12-22,91233,0.0005,1.3578947368421052e-07,0.0009677777777777775,0.00029739999999999986,-0.00046777777777777746,2.1881604938271575e-07,-1.2694235000920264
2024-12-22,11850,0.00125,6.789473684210526e-08,0.004579666666666666,0.0013676,-0.0033296666666666657,1.1086680111111104e-05,-12.778583164147415
2024-12-22,92655,0.0022450000000000005,5.962894736842106e-07,-0.00038277777777777865,0.0026983,0.0026277777777777792,6.905216049382724e-06,3.4029852308297746
2024-12-22,10104,0.0006263157894736841,4.631578947368422e-07,-0.0030952222222222223,0.0006011000000000005,0.0037215380116959063,1.384984517249752e-05,5.468370397500155
2024-12-22,87055,-0.0013105263157894736,4.102105263157895e-06,0.003242888888888889,-0.0050699,-0.004553415204678363,2.0733590026196097e-05,-2.2481943557321915
2024-12-22,18163,-0.000268421052631579,9.93391812865497e-07,-0.0026482222222222224,-0.0023397,0.0023798011695906436,5.663453606784995e-06,2.387703441735165
2024-12-22,66181,1.8999999999999994e-05,3.0090421052631586e-07,0.005709,-0.0011302999999999997,-0.00569,3.2376099999999997e-05,-10.372850866961196
2024-12-22,89393,-0.00034,1.8235789473684216e-06,-0.002761888888888889,-0.0008901000000000002,0.002421888888888889,5.865545790123456e-06,1.793460970182654
2024-12-22,22111,0.00027,2.0957894736842105e-07,0.0022651111111111114,-0.00036740000000000004,-0.0019951111111111116,3.980468345679014e-06,-4.358060549702383
2024-12-22,59408,0.0029249999999999996,3.1565789473684195e-07,0.004304777777777778,0.0030084,-0.0013797777777777784,1.9037867160493843e-06,-2.455844238147153
2024-12-22,13721,0.0037550000000000005,6.39447368421053e-07,-0.004966222222222222,0.0047002,0.008721222222222222,7.605971704938272e-05,10.906237490976356
2024-12-22,90215,-0.00034,1.8930526315789476e-06,-0.0027281111111111117,-0.0012464,0.0023881111111111117,5.703074679012349e-06,1.735694090978794
2024-12-22,11308,-0.0002157894736842105,5.92514619883041e-07,0.0017590000000000001,-0.0017540000000000004,-0.0019747894736842106,3.8997934653739615e-06,-2.5654955651603366
2024-12-22,14541,0.0017699999999999997,2.8627473684210517e-05,0.00986,0.002634,-0.008090000000000002,6.544810000000002e-05,-1.5120181679759124
2024-12-22,91937,0.00011000000000000003,7.577894736842106e-07,3.7888888888889e-05,-0.0006937,7.211111111111104e-05,5.200012345679001e-09,0.08283767540968451
2024-12-22,22752,0.0007225,4.749342105263159e-08,-0.0012823333333333337,0.0008542000000000003,0.0020048333333333337,4.019356694444446e-06,9.199443311719483
2024-12-22,38703,0.003490000000000001,1.616736842105263e-06,0.00894,0.0036982,-0.005449999999999999,2.970249999999999e-05,-4.286243452615229
2024-12-22,76076,0.0026300000000000004,5.885263157894737e-07,0.0025763333333333333,0.0029937,5.366666666666714e-05,2.8801111111111617e-09,0.06995546984818675
2024-12-22,89071,0.00182,4.427368421052629e-07,0.00011911111111111101,0.002081599999999999,0.001700888888888889,2.8930230123456794e-06,2.5562487476455162
2024-12-22,13447,0.0013200000000000002,9.395789473684213e-07,-0.00012466666666666586,0.001274,0.0014446666666666661,2.087061777777776e-06,1.4903937259367228
2024-12-22,59176,0.004450000000000001,2.5110526315789472e-06,0.003582555555555556,0.0054876,0.000867444444444445,7.524598641975318e-07,0.547411305019732
2024-12-22,43449,0.001355,5.10263157894737e-08,-0.005301111111111111,0.0013587000000000002,0.006656111111111111,4.430381512345679e-05,29.46615417250918
2024-12-22,12490,0.000985,1.0823947368421053e-06,0.0011041111111111108,0.0011618999999999998,-0.00011911111111111085,1.4187456790123394e-08,-0.11448786062228482
2024-12-22,13856,-0.00015999999999999999,3.448842105263158e-06,-0.0009446666666666664,-0.0030996999999999995,0.0007846666666666664,6.157017777777773e-07,0.4225212420727659
2024-12-22,62092,0.0034500000000000004,2.453157894736842e-06,0.005703999999999999,0.0030633,-0.0022539999999999986,5.0805159999999936e-06,-1.4391006214243647
2024-12-22,61241,0.0027800000000000004,9.143157894736842e-07,-0.0030893333333333337,0.0034541000000000003,0.005869333333333334,3.4449073777777787e-05,6.138194771684378
2024-12-22,69032,0.00293,1.362210526315789e-06,0.010387666666666668,0.0040417,-0.007457666666666668,5.561679211111113e-05,-6.389705645147707
2024-12-22,26403,0.0003500000000000001,9.736842105263159e-08,-0.0041815555555555555,-0.00015290000000000022,0.004531555555555556,2.0534995753086425e-05,14.522394994733125
2024-12-22,20482,0.001775,2.0723684210526317e-07,0.00031600000000000015,0.0017189,0.001459,2.128681e-06,3.2049540620237504
2024-12-22,18143,-0.00037,9.001052631578946e-07,0.005945333333333333,-0.0020708000000000002,-0.0063153333333333325,3.98834351111111e-05,-6.65655657790597
2024-12-22,88352,0.001525,6.798684210526315e-07,0.011704555555555555,0.0017245,-0.010179555555555555,0.00010362335130864196,-12.345718842822347
2024-12-22,92602,0.0005200000000000001,1.404842105263158e-06,-0.0002788888888888887,-0.0009010999999999998,0.0007988888888888887,6.382234567901232e-07,0.6740197515420208
2024-12-22,75510,-0.000725,1.3461842105263158e-06,-1.7444444444444156e-05,-0.002398,-0.0007075555555555558,5.006348641975312e-07,-0.6098293173468239
2024-12-22,12060,0.006240000000000001,3.919368421052633e-06,0.00691588888888889,0.007525699999999999,-0.0006758888888888891,4.5682579012345703e-07,-0.34140294450321523
2024-12-22,86868,0.0039210526315789475,4.253976608187134e-06,0.008755666666666669,0.0053492,-0.004834614035087721,2.3373492868267176e-05,-2.3440359050345703
2024-12-22,19788,0.006619999999999999,8.810105263157896e-06,-0.011137111111111112,0.0118286,0.017757111111111112,0.0003153149950123457,5.982486999198597
2025-01-05,14593,-0.0020050000000000007,2.6847105263157897e-06,0.0030653333333333322,-0.005705,-0.005070333333333333,2.5708280111111107e-05,-3.0944807030795105
2025-01-05,86580,0.0009,7.936842105263159e-07,-0.012639777777777778,0.00011549999999999928,0.013539777777777777,0.00018332558227160493,15.198042905819863
2025-01-05,10107,0.0029325,4.3474407894736826e-06,-0.0032837777777777787,0.0025365,0.006216277777777779,3.864210941049384e-05,2.981354196811047
2025-01-05,84788,0.0029894736842105266,1.5043274853801168e-06,0.005696444444444444,0.0027006,-0.0027069707602339174,7.327690696761393e-06,-2.2070510029870594
2025-01-05,93436,0.011160000000000002,0.0002879435789473685,-0.005705999999999999,0.012587800000000001,0.016866,0.000284461956,0.9939359449491618
2025-01-05,13407,0.0021250000000000006,3.7986842105263157e-07,0.013166999999999998,0.0024650999999999996,-0.011041999999999998,0.00012192576399999995,-17.915591319605934
2025-01-05,90319,0.0032900000000000004,8.798947368421051e-07,0.004644222222222222,0.003535200000000001,-0.001354222222222222,1.8339178271604932e-06,-1.4436920872150976
2025-01-05,93002,0.0026000000000000007,2.1368421052631585e-07,-0.005718888888888888,0.0024937,0.00831888888888889,6.920391234567902e-05,17.996129404371704
2025-01-05,14542,0.00321,4.3884210526315767e-07,0.00461388888888889,0.0036875000000000007,-0.0014038888888888894,1.9709040123456803e-06,-2.1192324332948025
2025-01-05,55976,0.0020600000000000006,4.884210526315792e-08,0.007341888888888888,0.0021757999999999994,-0.005281888888888888,2.7898350234567892e-05,-23.899679302259493
2025-01-05,47896,0.007330000000000001,3.4158947368421063e-06,0.003462444444444444,0.0082879,0.0038675555555555564,1.4957985975308649e-05,2.0925908464905567
2025-01-05,50876,-0.0014650000000000002,6.331868421052631e-06,0.012536444444444446,-0.006576000000000001,-0.014001444444444445,0.0001960404465308642,-5.564253412212064
2025-01-05,83443,0.0036499999999999996,2.889473684210528e-07,0.00023577777777777735,0.0037293999999999995,0.003414222222222222,1.165691338271605e-05,6.3515893665417815
2025-01-05,92611,0.0015879999999999998,7.088e-08,0.007513111111111111,0.0016951000000000002,-0.005925111111111111,3.510694167901235e-05,-22.255361060267266
2025-01-05,11850,0.004280000000000001,2.0616842105263164e-06,-0.005463222222222223,0.0046342,0.009743222222222223,9.493037927160494e-05,6.78565125520218
2025-01-05,91233,0.0008,2.0526315789473683e-07,0.006448555555555555,0.0006718999999999998,-0.005648555555555554,3.190617986419751e-05,-12.46757247586563
2025-01-05,92655,0.0013210526315789476,1.7195321637426905e-06,0.007030444444444444,0.0013382999999999986,-0.0057093918128654966,3.259715487281556e-05,-4.353962619102734
2025-01-05,10104,-9.999999999999999e-06,1.0872631578947368e-06,0.007986111111111109,-0.002611,-0.007996111111111108,6.393779290123452e-05,-7.668518757639544
2025-01-05,87055,0.0031894736842105263,3.4210526315789473e-07,0.004301,0.0036627,-0.0011115263157894738,1.2354907506925212e-06,-1.9003774630384072
2025-01-05,66181,0.004320000000000001,6.680000000000003e-07,0.0008157777777777779,0.0053234,0.003504222222222223,1.2279573382716053e-05,4.28749284364481
2025-01-05,18163,0.00010499999999999999,2.871026315789474e-06,0.004099555555555555,-0.0028955,-0.003994555555555555,1.595647408641975e-05,-2.3574901073526084
2025-01-05,89393,-0.000445,2.4699736842105257e-06,0.014958111111111113,-0.0031263,-0.015403111111111112,0.0002372558319012346,-9.80081711232711
2025-01-05,59408,0.004035000000000001,1.7297631578947372e-06,-0.0005062222222222221,0.0050484,0.004541222222222223,2.062269927160495e-05,3.452863682616421
2025-01-05,22111,0.0018789473684210527,1.1064327485380119e-07,0.003950111111111111,0.0021566000000000003,-0.002071163742690058,4.2897192490338886e-06,-6.226613716241707
2025-01-05,90215,0.0005649999999999999,4.78871052631579e-06,0.0059657777777777764,-0.0017779000000000002,-0.005400777777777777,2.9168400604938263e-05,-2.468010570663223
2025-01-05,13721,-0.0014249999999999998,2.2082894736842107e-06,0.007954555555555555,-0.0034776,-0.009379555555555554,8.797606241975305e-05,-6.311814967683008
2025-01-05,14541,0.008502105263157898,6.505286549707605e-07,-0.008629333333333333,0.009651,0.01713143859649123,0.0002934861883853494,21.240298619673396
2025-01-05,11308,0.001285,2.344736842105265e-08,0.0014800000000000002,0.0014376,-0.0001950000000000003,3.802500000000012e-08,-1.2734665962313951
2025-01-05,38703,0.006495000000000001,4.154184210526317e-06,0.0024663333333333334,0.009641700000000001,0.004028666666666667,1.623015511111112e-05,1.9765984926610185
2025-01-05,91937,0.000495,1.1668157894736843e-06,0.007127666666666665,-0.0001571999999999997,-0.006632666666666665,4.399226711111109e-05,-6.140263704762085
2025-01-05,22752,7.999999999999999e-05,4.658947368421054e-07,0.0010895555555555558,-0.0011844,-0.0010095555555555559,1.019202419753087e-06,-1.4790618009528982
2025-01-05,76076,0.002447368421052632,1.1040935672514622e-07,0.0008635555555555558,0.0025894,0.0015838128654970763,2.50846319291406e-06,4.766514589731818
2025-01-05,69032,0.009060000000000002,9.733052631578947e-06,0.001226,0.0102785,0.007834000000000002,6.137155600000003e-05,2.5110712244798634
2025-01-05,13447,0.00165,3.31578947368421e-08,-0.0047057777777777775,0.001730700000000001,0.006355777777777778,4.039591116049383e-05,34.904002409542805
2025-01-05,89071,0.0014299999999999998,2.432631578947368e-07,0.009861000000000002,0.0015492000000000006,-0.008431000000000001,7.108176100000001e-05,-17.093890562063834
2025-01-05,59176,0.0056700000000000006,1.4800105263157891e-05,0.0017931111111111108,0.005016999999999999,0.00387688888888889,1.503026745679013e-05,1.0077456965735094
2025-01-05,62092,0.005985000000000002,1.3097631578947362e-06,0.007662,0.006941999999999999,-0.0016769999999999988,2.812328999999996e-06,-1.4653341719205628
2025-01-05,88352,0.008480000000000001,7.661684210526317e-06,-0.0038018888888888876,0.012683799999999999,0.012281888888888889,0.00015084479467901234,4.4371390648657965
2025-01-05,12490,0.0022600000000000003,2.920000000000001e-07,0.015205222222222224,0.0022258999999999994,-0.012945222222222224,0.0001675787783827161,-23.95620850569233
2025-01-05,18143,0.004430000000000001,1.8306315789473681e-06,0.002588666666666667,0.005189,0.0018413333333333337,3.390508444444446e-06,1.360917943700738
2025-01-05,13856,0.000575,2.8618421052631574e-07,0.001943777777777778,-0.0012229999999999997,-0.001368777777777778,1.8735526049382721e-06,-2.558645456794945
2025-01-05,43449,-0.001,2.078947368421053e-06,0.003077888888888889,-0.003995,-0.00407788888888889,1.6629177790123464e-05,-2.8282229425861707
2025-01-05,12060,0.007920000000000002,1.240905263157895e-05,0.012320666666666667,0.0082232,-0.004400666666666666,1.9365867111111102e-05,-1.2492494312949078
2025-01-05,61241,0.0010500000000000002,1.7736842105263158e-07,-0.0048218888888888894,0.0011490000000000003,0.00587188888888889,3.44790791234568e-05,13.942468727854639
2025-01-05,20482,0.0006935000000000001,1.493713157894737e-07,0.013582222222222221,0.0006282000000000001,-0.012888722222222222,0.00016611916052160493,-33.348496638434476
2025-01-05,86868,0.0073700000000000015,9.901157894736843e-06,0.0025738888888888886,0.008777500000000002,0.004796111111111113,2.3002681790123474e-05,1.5242150399935417
2025-01-05,26403,-0.0010249999999999999,1.6219736842105264e-06,0.006160555555555555,-0.0034565999999999998,-0.007185555555555555,5.16322086419753e-05,-5.642069735008926
2025-01-05,92602,0.001275,3.4640789473684208e-06,0.007702333333333333,0.0005087,-0.006427333333333333,4.131061377777777e-05,-3.4533208695341804
2025-01-05,75510,0.0009850000000000002,9.025552631578949e-06,0.0019592222222222224,-0.0023807999999999998,-0.0009742222222222222,9.49108938271605e-07,-0.3242807211515181
2025-01-05,18542,0.005975000000000001,3.5672368421052637e-06,-0.0035949999999999992,0.0071992,0.00957,9.15849e-05,5.066942377508149
2025-01-19,14593,0.0033550000000000003,3.6320789473684215e-06,0.0038663000000000005,0.0035123000000000016,-0.0005113000000000001,2.614276900000001e-07,-0.26828608795875203
2025-01-19,10107,-0.000165,1.1750263157894735e-06,-0.0015859999999999995,-0.0019072999999999996,0.0014209999999999995,2.0192409999999985e-06,1.310902166935729
2025-01-19,86580,-0.00048000000000000023,1.277221052631579e-05,0.0149024,-0.008276299999999997,-0.0153824,0.00023661822975999997,-4.304186353404269
2025-01-19,84788,0.007060000000000001,1.8980421052631588e-05,-0.0036870999999999996,0.0075195999999999995,0.0107471,0.00011550015841000002,2.4668251568673694
2025-01-19,13407,0.010155,4.3910263157894735e-06,0.0066927,0.012090799999999999,0.0034623000000000006,1.1987521290000004e-05,1.652272504464359
2025-01-19,93436,-7.999999999999999e-05,3.885894736842106e-06,-0.012103299999999999,-0.0020713,0.012023299999999999,0.00014455974288999997,6.099274333967233
2025-01-19,90319,0.004975000000000001,7.903947368421055e-07,-0.009267400000000002,0.0057816000000000005,0.014242400000000002,0.00020284595776000005,16.019950100668254
2025-01-19,14542,0.005810000000000001,1.2230526315789477e-06,-0.009188900000000002,0.0057676,0.014998900000000003,0.00022496700121000008,13.56240897534344
2025-01-19,93002,0.0004900000000000001,2.8146315789473683e-06,0.0054569000000000015,-0.0016467000000000022,-0.0049669000000000015,2.4670095610000016e-05,-2.960565257394705
2025-01-19,55976,0.005905000000000001,2.5920789473684217e-06,0.005900000000000001,0.0073087,5.000000000000664e-06,2.5000000000006638e-11,0.00310560267374789
2025-01-19,50876,0.005335,7.623947368421055e-07,0.004340900000000001,0.007074800000000002,0.0009940999999999995,9.88234809999999e-07,1.1385185972659633
2025-01-19,47896,0.0043500000000000014,1.1078947368421057e-06,0.0034769999999999996,0.005039400000000001,0.0008730000000000018,7.621290000000032e-07,0.8294018392349805
2025-01-19,83443,0.001265,2.7186842105263156e-07,0.0023452,0.0013227999999999996,-0.0010802,1.1668320399999998e-06,-2.071690099030608
2025-01-19,92611,0.006470000000000001,1.6001052631578946e-06,0.003650500000000001,0.0075088,0.0028195,7.94958025e-06,2.228937146616197
2025-01-19,91233,0.0050052631578947375,2.8838596491228067e-06,0.0016947,0.0061019,0.0033105631578947375,1.0959828422409977e-05,1.9494621944352644
2025-01-19,92655,0.004945,1.3952368421052631e-06,-0.0035033,0.006164800000000001,0.008448299999999999,7.137377288999998e-05,7.1522940229835985
2025-01-19,10104,0.004780000000000001,4.98378947368421e-06,0.0025017999999999998,0.008121400000000003,0.0022782000000000015,5.190195240000007e-06,1.020497636663202
2025-01-19,11850,-0.00092,2.8890526315789477e-06,0.0023425000000000004,-0.004018600000000001,-0.0032625000000000006,1.0643906250000004e-05,-1.919432276569623
2025-01-19,87055,0.005320000000000001,1.7964210526315789e-06,0.0091794,0.006419399999999999,-0.0038594,1.4894968359999998e-05,-2.8794909936913027
2025-01-19,89393,0.009785000000000002,1.2803447368421055e-05,0.008141899999999999,0.015329700000000002,0.0016431000000000032,2.6997776100000104e-06,0.4591985789120647
2025-01-19,66181,0.0008499999999999998,3.405263157894737e-07,-0.0005326999999999998,0.0007464000000000006,0.0013826999999999997,1.9118592899999994e-06,2.3694776848974968
2025-01-19,18163,0.0036950000000000004,8.773421052631582e-07,-0.0017407999999999996,0.004082100000000001,0.0054358,2.9547921640000002e-05,5.803352932202773
2025-01-19,22111,0.0027300000000000007,5.979999999999999e-07,0.0026295,0.0030542999999999994,0.00010050000000000076,1.0100250000000154e-08,0.12996172577810877
2025-01-19,59408,0.00018,5.016842105263157e-07,0.0014658999999999998,-0.0006914,-0.0012858999999999998,1.6535388099999995e-06,-1.8154821362704396
2025-01-19,90215,0.003885000000000001,3.586605263157895e-06,-0.004364799999999999,0.0067941999999999985,0.0082498,6.805920003999999e-05,4.3561379983796416
2025-01-19,13721,0.004750000000000001,1.4142105263157891e-06,0.0048386,0.005927099999999999,-8.859999999999944e-05,7.849959999999902e-09,-0.07450350236420344
2025-01-19,11308,0.0018850000000000002,9.950263157894737e-07,0.0083001,0.0020710000000000004,-0.006415099999999999,4.115350800999999e-05,-6.431113098681074
2025-01-19,14541,-0.001695,4.568921052631579e-06,0.0052160999999999996,-0.0064551,-0.0069111,4.776330321e-05,-3.233257920242177
2025-01-19,91937,0.005131578947368421,2.2467251461988304e-06,0.015304099999999998,0.007907399999999998,-0.010172521052631577,0.00010348018456623264,-6.786621431981965
2025-01-19,38703,0.0033000000000000004,3.155555555555554e-07,0.002051,0.0037075000000000003,0.0012490000000000005,1.5600010000000014e-06,2.223435436626186
2025-01-19,22752,8.8e-05,8.891957894736843e-07,-0.0169286,-0.0017800999999999993,0.0170166,0.00028956467556,18.045714887703944
2025-01-19,76076,0.0011649999999999998,4.4871052631578945e-07,0.006874099999999999,0.0014626000000000003,-0.0057091,3.259382281e-05,-8.522843645603347
2025-01-19,89071,0.007550000000000001,2.0500000000000003e-06,0.0008606999999999996,0.009454,0.006689300000000001,4.474673449000002e-05,4.67200977749144
2025-01-19,12490,0.0068850000000000005,9.338184210526317e-06,0.0029674999999999992,0.014641300000000001,0.003917500000000001,1.5346806250000006e-05,1.2819697773128704
2025-01-19,62092,0.004850000000000001,1.8068421052631578e-06,-0.0115614,0.0065291,0.0164114,0.00026933404996,12.209152814388545
2025-01-19,59176,0.0016430000000000004,7.487473684210525e-08,-0.0019885,0.001960499999999999,0.0036315,1.3187792250000002e-05,13.271450574025867
2025-01-19,69032,0.0026055555555555554,4.643790849673204e-08,0.00043920000000000054,0.0026202,0.0021663555555555547,4.693096393086416e-06,10.052947429766403
2025-01-19,20482,0.0066684210526315795,1.617005847953216e-05,0.0021729,0.0118465,0.004495521052631579,2.0209709534653744e-05,1.117954788637225
2025-01-19,12060,0.008000000000000002,9.388888888888892e-06,0.0023156,0.0128189,0.005684400000000002,3.231240336000002e-05,1.8551435939892975
2025-01-19,18143,0.0028750000000000004,5.661842105263154e-07,0.0024599999999999995,0.0031414000000000004,0.00041500000000000087,1.7222500000000074e-07,0.551530100729078
2025-01-19,13447,0.001,5.80421052631579e-06,-0.0030806,-0.0028806000000000005,0.0040806,1.665129636e-05,1.6937622412616922
2025-01-19,43449,0.0026550000000000007,2.562894736842104e-07,0.006790200000000001,0.0032026,-0.0041352,1.7099879040000004e-05,-8.168289743791892
2025-01-19,13856,0.002835,7.676578947368422e-07,-0.0048325,0.0029163,0.0076675,5.879055625e-05,8.751246648411891
2025-01-19,26403,0.0053100000000000005,5.198947368421052e-07,-0.0023336999999999998,0.0060704999999999995,0.0076437,5.842614969e-05,10.600977752479462
2025-01-19,88352,-0.000355,8.247105263157894e-07,0.0041155,-0.0019561,-0.0044705000000000005,1.9985370250000004e-05,-4.92272222324595
2025-01-19,92602,0.007505,1.991026315789473e-06,0.0150531,0.0084263,-0.007548099999999999,5.697381360999999e-05,-5.349326979537629
2025-01-19,86868,0.0032300000000000002,9.222105263157898e-07,0.0031627,0.0044291,6.730000000000017e-05,4.529290000000023e-09,0.07008095747339721
2025-01-19,77178,0.006525,1.1010394736842105e-05,-0.00026089999999999984,0.0069697,0.0067859,4.6048438810000004e-05,2.045059795046363
2025-01-19,75510,0.0023020000000000002,2.628168421052632e-07,0.0051723,0.0024799999999999996,-0.0028703,8.238622090000001e-06,-5.5988740081954775
2025-01-19,61241,0.0004000000000000001,2.2873684210526317e-06,-0.002083200000000001,-0.0017898999999999999,0.0024832000000000014,6.1662822400000065e-06,1.641888416994597
2025-02-02,14593,0.003995,7.047105263157895e-07,-0.0011871111111111114,0.0038663000000000005,0.005182111111111111,2.6854275567901235e-05,6.173071983594259
2025-02-02,86580,0.010585000000000002,1.118134210526316e-05,-0.010969666666666666,0.0149024,0.021554666666666666,0.0004646036551111111,6.44605999650409
2025-02-02,10107,-6.500000000000003e-05,5.718684210526317e-07,-0.0028588888888888887,-0.0015859999999999995,0.0027938888888888887,7.805815123456789e-06,3.6945459548247968
2025-02-02,84788,-0.0007315789473684211,2.2200584795321637e-06,-0.00812811111111111,-0.0036870999999999996,0.0073965321637426895,5.470868804928011e-05,4.964161966407859
2025-02-02,13407,0.006440000000000001,7.86736842105263e-07,-0.010636555555555557,0.0066927,0.01707655555555556,0.00029160874964197545,19.252429035376583
2025-02-02,93436,-0.001515,1.2078184210526317e-05,-0.020770333333333335,-0.012103299999999999,0.019255333333333336,0.00037076786177777786,5.5405160424770585
2025-02-02,93002,0.003963157894736842,1.3335672514619886e-06,-0.016590999999999998,0.0054569000000000015,0.02055415789473684,0.0004224734067617728,17.79886165505685
2025-02-02,90319,-0.001085,7.738184210526317e-06,-0.009223444444444444,-0.009267400000000002,0.008138444444444445,6.623427797530864e-05,2.9256466424237377
2025-02-02,14542,-0.0018050000000000004,7.91734210526316e-06,-0.008941555555555557,-0.009188900000000002,0.007136555555555557,5.093042519753088e-05,2.536290210633245
2025-02-02,55976,0.004894736842105264,9.460818713450293e-07,-0.0055304444444444455,0.005900000000000001,0.01042518128654971,0.00010868440485742626,10.718135803435086
2025-02-02,50876,0.0025,5.750526315789474e-06,0.009711555555555553,0.004340900000000001,-0.007211555555555553,5.200653353086416e-05,-3.007288932002045
2025-02-02,47896,0.003,8.03157894736842e-07,-0.004728888888888889,0.0034769999999999996,0.007728888888888889,5.973572345679013e-05,8.624155877089288
2025-02-02,83443,0.00222,7.642105263157897e-08,0.007811333333333333,0.0023452,-0.005591333333333334,3.1263008444444446e-05,-20.225947529698953
2025-02-02,92611,0.0032600000000000003,1.0778947368421042e-07,0.0028135555555555557,0.003650500000000001,0.0004464444444444446,1.993126419753088e-07,1.3598131832445295
2025-02-02,91233,0.0012200000000000002,3.637894736842106e-07,0.0022937777777777783,0.0016947,-0.001073777777777778,1.1529987160493833e-06,-1.7802842413168511
2025-02-02,10104,0.001194736842105263,1.2283859649122805e-05,-0.004892444444444444,0.0025017999999999998,0.006087181286549707,3.705377601532095e-05,1.7367960115453418
2025-02-02,92655,-0.000945,1.562605263157895e-06,-0.01031211111111111,-0.0035033,0.00936711111111111,8.774277056790122e-05,7.493436482647822
2025-02-02,11850,0.0020450000000000004,3.2471052631578945e-07,0.0031866666666666666,0.0023425000000000004,-0.0011416666666666663,1.3034027777777769e-06,-2.003508260161049
2025-02-02,87055,0.007690000000000002,1.4925263157894743e-06,-0.0022905555555555552,0.0091794,0.009980555555555558,9.961148919753092e-05,8.16946690624078
2025-02-02,89393,0.006520000000000001,2.621684210526316e-06,-0.008348222222222222,0.008141899999999999,0.014868222222222224,0.00022106403204938277,9.182667399492782
2025-02-02,66181,0.000315,4.2239473684210527e-07,-0.003425888888888889,-0.0005326999999999998,0.003740888888888889,1.3994249679012347e-05,5.75593074644437
2025-02-02,18163,0.00042000000000000007,1.7595789473684215e-06,0.0072829999999999995,-0.0017407999999999996,-0.006862999999999999,4.710076899999999e-05,-5.173799807186518
2025-02-02,22111,0.00223,1.1498421052631583e-06,0.007103777777777777,0.0026295,-0.004873777777777776,2.375370982716048e-05,-4.545133245660747
2025-02-02,59408,0.0014090000000000003,4.984988421052632e-06,-0.001901444444444444,0.0014658999999999998,0.0033104444444444444,1.0959042419753085e-05,1.482703207458188
2025-02-02,13721,0.0037263157894736852,2.7287134502923984e-06,0.009011888888888889,0.0048386,-0.0052855730994152035,2.793728298926164e-05,-3.1997284123607836
2025-02-02,90215,-0.0010999999999999996,2.5566666666666666e-06,-0.010038555555555556,-0.004364799999999999,0.008938555555555555,7.989777541975309e-05,5.590237885510045
2025-02-02,91937,0.012100000000000003,1.083157894736842e-05,2.8555555555555586e-05,0.015304099999999998,0.012071444444444447,0.0001457197709753087,3.667865107086761
2025-02-02,11308,0.006685000000000001,8.77713157894737e-06,0.0037661111111111107,0.0083001,0.00291888888888889,8.51991234567902e-06,0.9852382380098357
2025-02-02,14541,0.0046250000000000015,1.2409210526315789e-06,0.0023636666666666667,0.0052160999999999996,0.002261333333333335,5.113628444444451e-06,2.0299835015121683
2025-02-02,19788,0.017115000000000005,8.721186842105264e-05,-0.035762111111111106,0.0400439,0.05287711111111111,0.00279598887945679,5.662131148337096
2025-02-02,38703,0.0018439999999999997,4.7872e-07,-0.0022418888888888888,0.002051,0.004085888888888889,1.669448801234568e-05,5.905351683153575
2025-02-02,76076,0.005910000000000001,9.672631578947365e-07,-0.0012760000000000004,0.006874099999999999,0.007186000000000001,5.163859600000002e-05,7.306592550579582
2025-02-02,89071,0.00071,2.314736842105264e-07,-0.011710222222222223,0.0008606999999999996,0.012420222222222223,0.00015426192004938273,25.815381905262765
2025-02-02,12490,0.0028900000000000006,1.819999999999999e-07,-0.0037883333333333332,0.0029674999999999992,0.006678333333333334,4.460013611111112e-05,15.654254786421264
2025-02-02,92602,0.007825000000000002,1.7428289473684213e-05,0.0035720000000000005,0.0150531,0.004253000000000002,1.8088009000000012e-05,1.0187508881412741
2025-02-02,20482,0.0022450000000000005,1.9604999999999997e-06,0.006165222222222221,0.0021729,-0.003920222222222221,1.5368142271604927e-05,-2.7998016353756463
2025-02-02,12060,0.002105,6.155263157894737e-08,-0.0005266666666666668,0.0023156,0.0026316666666666667,6.925669444444444e-06,10.607366314597616
2025-02-02,69032,0.0007722222222222223,3.891830065359478e-07,-0.0045472222222222225,0.00043920000000000054,0.005319444444444444,2.8296489197530864e-05,8.52686413605044
2025-02-02,43449,0.005560000000000001,1.7214736842105266e-06,-8.111111111110839e-06,0.006790200000000001,0.005568111111111111,3.1003861345679014e-05,4.24382726768507
2025-02-02,59176,4.7499999999999996e-05,5.624934210526316e-07,-0.003549111111111111,-0.0019885,0.0035966111111111108,1.2935611484567898e-05,4.795509525478835
2025-02-02,18143,0.0027421052631578947,1.440257309941521e-05,0.0024874444444444445,0.0024599999999999995,0.0002546608187134502,6.485213258780475e-08,0.06710302319490612
2025-02-02,88352,0.003785,4.6976315789473706e-07,-0.004090666666666667,0.0041155,0.007875666666666666,6.202612544444444e-05,11.490736080824906
2025-02-02,22752,-0.0064,1.8925263157894736e-05,0.011903777777777779,-0.0169286,-0.01830377777777778,0.0003350282809382717,-4.207457820604011
2025-02-02,86868,0.0028799999999999997,1.5374736842105255e-06,-0.005874999999999999,0.0031627,0.008754999999999999,7.665002499999997e-05,7.0607739026886005
2025-02-02,62092,-0.0033250000000000003,1.6796710526315792e-05,-0.0005241111111111112,-0.0115614,-0.0028008888888888892,7.844978567901237e-06,-0.6834138279211778
2025-02-02,13447,-0.0007650000000000001,1.227657894736842e-06,-0.0064425555555555555,-0.0030806,0.0056775555555555555,3.2234637086419755e-05,5.124160354745857
2025-02-02,75510,0.004000000000000001,2.3733333333333336e-06,-0.005286777777777778,0.0051723,0.00928677777777778,8.624424149382718e-05,6.028172674862664
2025-02-02,26403,-0.000265,9.055526315789474e-07,0.003495666666666667,-0.0023336999999999998,-0.003760666666666667,1.414261377777778e-05,-3.95191861443285
2025-02-02,13856,-0.0006574999999999999,3.195598684210526e-06,0.007710222222222223,-0.0048325,-0.008367722222222223,7.001877518827161e-05,-4.680919128348315
2025-02-02,77178,0.0006973684210526315,1.844020467836257e-06,-0.00983877777777778,-0.00026089999999999984,0.010536146198830412,0.00011101037672312853,7.7588779377083075
2025-02-16,14593,0.0004325,8.586184210526317e-08,-0.0121848,0.0002027000000000001,0.012617300000000001,0.00015919625929000005,43.05923685439485
2025-02-16,86580,1.0000000000000004e-05,4.7216736842105265e-05,-0.0015374,-0.007241300000000001,0.0015474,2.39444676e-06,0.22519285540117387
2025-02-16,10107,-0.0009599999999999999,2.7098947368421054e-06,-0.001964,-0.003087,0.0010040000000000001,1.0080160000000002e-06,0.6098984112903302
2025-02-16,84788,-0.0026947368421052632,8.602748538011695e-06,-0.006736499999999999,-0.008048900000000001,0.004041763157894736,1.6335849424515228e-05,1.378009610999415
2025-02-16,13407,-0.00368,1.2021684210526315e-05,-0.0089534,-0.008459699999999997,0.0052734,2.7808747560000003e-05,1.5209259051025945
2025-02-16,90319,-0.003765,8.27292105263158e-06,-0.0024998999999999998,-0.00879,-0.0012651000000000003,1.6004780100000009e-06,-0.4398407021212775
2025-02-16,14542,-0.00301,8.990421052631577e-06,-0.002355200000000001,-0.008585,-0.0006547999999999992,4.28763039999999e-07,-0.2183829130743239
2025-02-16,93436,-0.004385,3.4001342105263153e-05,-0.013741699999999999,-0.0187214,0.009356699999999999,8.754783488999998e-05,1.6046291416034368
2025-02-16,93002,-0.0022650000000000005,1.765502631578948e-05,-0.0009386000000000009,-0.0161024,-0.0013263999999999997,1.7593369599999992e-06,-0.31567510135947285
2025-02-16,50876,0.004940000000000001,3.5130526315789484e-06,-0.0120429,0.0057479,0.016982900000000002,0.0002884188924100001,9.060862171142599
2025-02-16,55976,-0.0008800000000000002,1.3622736842105265e-05,-0.014199399999999997,-0.005938800000000001,0.013319399999999997,0.0001774064163599999,3.6087141124125903
2025-02-16,47896,-0.0008210526315789472,7.021754385964913e-06,-0.012691400000000002,-0.004158299999999999,0.011870347368421054,0.00014090514664698064,4.479614183303735
2025-02-16,83443,0.0046,3.7357894736842105e-06,0.00022979999999999979,0.006842899999999999,0.0043702,1.909864804e-05,2.261049736507544
2025-02-16,92611,0.0019850000000000002,5.287105263157893e-07,-0.0087829,0.0020203999999999995,0.0107679,0.00011594767041000001,14.808873903285509
2025-02-16,91233,0.0016250000000000001,7.198684210526317e-07,-0.008693000000000001,0.0017907000000000003,0.010318,0.00010646112400000002,12.160990866227708
2025-02-16,11850,0.0024500000000000004,4.1842105263157875e-07,0.0007165999999999995,0.0029696999999999996,0.0017334000000000008,3.004675560000003e-06,2.6797361092268672
2025-02-16,87055,-0.000555,2.066815789473685e-06,-0.014484100000000003,-0.0025267,0.013929100000000003,0.0001940198268100001,9.688848630469886
2025-02-16,10104,-0.0022600000000000003,3.809894736842105e-06,-0.010021600000000002,-0.0042306,0.007761600000000002,6.0242434560000035e-05,3.976443067974294
2025-02-16,92655,-0.0011550000000000002,1.4292078947368421e-05,0.0033915,-0.010724899999999999,-0.0045465,2.067066225e-05,-1.2026229633189403
2025-02-16,89393,-0.0027900000000000004,5.663052631578947e-06,-0.0059435,-0.0060848,0.0031534999999999996,9.944562249999998e-06,1.325157614373204
2025-02-16,18163,0.0019630000000000003,1.3640115789473687e-06,-0.0033590999999999994,0.0018008999999999998,0.0053221,2.8324748409999998e-05,4.556947256908367
2025-02-16,22111,0.00404,1.1604210526315792e-06,-0.0013057000000000003,0.005693899999999999,0.0053457,2.857650849e-05,4.962457300717836
2025-02-16,66181,-0.00019500000000000002,5.90471052631579e-06,-0.011289,-0.0037936999999999997,0.011094,0.000123076836,4.5655053472588705
2025-02-16,13721,0.00574,5.34042105263158e-06,0.0013748999999999994,0.0078109,0.004365100000000001,1.905409801000001e-05,1.8888890446864155
2025-02-16,59408,0.0007224999999999999,1.6159144736842107e-06,-0.0109987,-0.00035149999999999906,0.0117212,0.00013738652943999998,9.220678740700196
2025-02-16,91937,0.0017950000000000004,2.805e-07,-0.0050680000000000005,0.0021892,0.006863000000000001,4.710076900000002e-05,12.958286153486915
2025-02-16,11308,0.0022150000000000004,3.3081578947368424e-07,-0.0021041,0.002483,0.0043191,1.865462481e-05,7.509311922809771
2025-02-16,90215,-0.0036199999999999995,1.6625894736842106e-05,-0.006066799999999999,-0.0100382,0.0024467999999999994,5.986830239999997e-06,0.6000755868967591
2025-02-16,14541,0.0027,1.5922222222222222e-06,-0.0008534999999999994,0.0028779,0.0035534999999999994,1.2627362249999995e-05,2.8161415434247847
2025-02-16,38703,0.0023450000000000003,1.764155263157895e-05,-0.009554100000000001,-0.0005846000000000004,0.011899100000000001,0.00014158858081000003,2.8329943735900476
2025-02-16,76076,0.00036750000000000004,3.007236842105263e-08,-0.0056888,0.00046499999999999997,0.0060563,3.667876969e-05,34.923966520353424
2025-02-16,92602,0.0034550000000000006,9.605000000000002e-07,-0.0021129,0.0040728,0.005567900000000001,3.100151041000001e-05,5.68123484553488
2025-02-16,20482,0.003245,1.005418421052632e-05,-0.0083748,0.004653300000000001,0.0116198,0.00013501975204,3.6645886657757027
2025-02-16,12490,-0.00058,1.473263157894737e-06,-0.0014025,-0.0026031,0.0008225000000000001,6.765062500000001e-07,0.6776348643331578
2025-02-16,22752,0.006475,4.5819736842105285e-06,0.0025236,0.0090432,0.0039514,1.561356196e-05,1.845970261286405
2025-02-16,12060,0.001335,2.9844999999999995e-06,-0.004525599999999999,-0.0005171999999999989,0.0058606,3.4346632359999995e-05,3.392394021264354
2025-02-16,18143,0.0012775,4.232828947368421e-07,-0.0021225999999999997,0.0013602999999999996,0.0034000999999999997,1.1560680009999998e-05,5.2260833378542
2025-02-16,43449,0.000266,9.43962105263158e-07,-0.0020469,-0.0004814999999999994,0.0023129,5.34950641e-06,2.3805624340801534
2025-02-16,89071,-0.004780000000000001,9.853263157894737e-06,-0.008797600000000001,-0.010932,0.0040176,1.614110976e-05,1.2799018134253448
2025-02-16,69032,0.000365,3.157131578947369e-06,-0.013733100000000003,-0.0025505,0.014098100000000004,0.00019875642361000012,7.934402826131075
2025-02-16,59176,0.00063,2.4937894736842108e-06,-0.012113100000000002,-0.0020429999999999997,0.012743100000000002,0.00016238659761000005,8.069473458350517
2025-02-16,13856,0.003945000000000001,9.59628947368421e-06,-0.0022567000000000004,0.0061161,0.006201700000000001,3.846108289000001e-05,2.0019770007997684
2025-02-16,26403,0.003275,3.019736842105262e-07,-0.0139737,0.0038669999999999998,0.0172487,0.00029751765168999994,31.388590914270786
2025-02-16,88352,-0.0007210526315789474,2.1150877192982453e-06,-0.0161915,-0.0029782000000000003,0.015470447368421054,0.00023933474177908592,10.63747814501785
2025-02-16,62092,0.00027500000000000007,2.2092105263157895e-07,-0.0011308999999999994,-0.0006199999999999996,0.0014058999999999994,1.9765548099999983e-06,2.9911340657691023
2025-02-16,66093,0.0057550000000000014,5.383947368421051e-07,-0.0027367999999999997,0.0067678,0.0084918,7.211066724000001e-05,11.573090631366211
2025-02-16,86868,0.0003842105263157894,5.470292397660818e-06,-0.013475200000000001,-0.0035000000000000005,0.01385941052631579,0.00019208326013695292,5.925697652782237
2025-02-16,13447,-0.0029315789473684213,6.344502923976608e-06,-0.008830300000000003,-0.006086300000000001,0.005898721052631581,3.479491005675903e-05,2.341849913374405
2025-02-16,19788,-0.00875,9.325e-05,0.003811500000000001,-0.0311258,-0.012561500000000001,0.00015779128225000005,-1.30081963128511
2025-02-16,75510,-0.002065,2.8771315789473686e-06,-0.009281600000000001,-0.004553400000000001,0.007216600000000001,5.207931556000001e-05,4.254541576903227
2025-03-02,14593,-0.0029549999999999997,1.9514184210526315e-05,0.002136,-0.0121848,-0.005091,2.5918281e-05,-1.1524654033368766
2025-03-02,86580,0.00184,6.225684210526316e-06,-0.0100298,-0.0015374,0.0118698,0.00014089215204,4.757182991065499
2025-03-02,10107,-0.0011600000000000002,2.437726315789474e-05,-0.0024641999999999997,-0.001964,0.0013041999999999995,1.7009376399999988e-06,0.2641506739294399
2025-03-02,84788,-0.0028250000000000003,7.799868421052631e-06,-0.0024573,-0.006736499999999999,-0.0003677000000000003,1.3520329000000023e-07,-0.13165883007954293
2025-03-02,13407,-0.004155000000000001,1.2483657894736843e-05,-0.004912100000000001,-0.0089534,0.0007571000000000001,5.732004100000002e-07,0.21428033509748465
2025-03-02,90319,-0.00217,2.038431578947368e-05,-0.0066995,-0.0024998999999999998,0.0045295,2.0516370249999996e-05,1.0032338902559188
2025-03-02,14542,-0.00058,2.910105263157895e-06,-0.006853200000000001,-0.002355200000000001,0.006273200000000001,3.9353038240000014e-05,3.67734845727079
2025-03-02,93002,0.0005995,1.8269523684210527e-06,-0.013836800000000002,-0.0009386000000000009,0.014436300000000001,0.00020840675769000003,10.680517259307981
2025-03-02,93436,-0.0029000000000000002,2.4246315789473684e-05,0.0067384,-0.013741699999999999,-0.0096384,9.289875456e-05,-1.9574111922819764
2025-03-02,50876,-0.005345000000000001,1.145313157894737e-05,0.0012437999999999993,-0.0120429,-0.0065888000000000006,4.341228544000001e-05,-1.9469024869196812
2025-03-02,83443,0.0012799999999999999,3.1216842105263156e-06,0.0022946999999999993,0.00022979999999999979,-0.0010146999999999995,1.029616089999999e-06,-0.5743057658825337
2025-03-02,55976,-0.00592,1.525642105263158e-05,0.00016740000000000055,-0.014199399999999997,-0.006087400000000001,3.705643876000001e-05,-1.5584953360557707
2025-03-02,47896,-0.0047150000000000004,1.3792921052631577e-05,0.0044776,-0.012691400000000002,-0.0091926,8.450389476e-05,-2.4751996659867066
2025-03-02,92611,-0.005000000000000002,1.5811578947368424e-05,0.0033609,-0.0087829,-0.008360900000000001,6.990464881000002e-05,-2.10264235613297
2025-03-02,11850,0.0010000000000000002,3.557894736842106e-07,0.0051197000000000005,0.0007165999999999995,-0.0041197000000000004,1.6971928090000004e-05,-6.906675376040198
2025-03-02,91233,-0.004668421052631579,1.196672514619883e-05,0.0025116000000000006,-0.008693000000000001,-0.00718002105263158,5.1552702316232694e-05,-2.0755732245678007
2025-03-02,92655,0.0022300000000000006,2.048326315789473e-05,0.005506500000000001,0.0033915,-0.0032765000000000003,1.0735452250000002e-05,-0.7239533798204626
2025-03-02,10104,-0.005775000000000001,1.188092105263158e-05,-0.0055116,-0.010021600000000002,-0.00026340000000000044,6.937956000000023e-08,-0.07641712872409079
2025-03-02,87055,-0.004485,2.0181342105263164e-05,0.0028843,-0.014484100000000003,-0.0073693000000000005,5.4306582490000005e-05,-1.6404054917386657
2025-03-02,18163,-0.0007349999999999999,2.5581842105263154e-06,0.00010439999999999964,-0.0033590999999999994,-0.0008393999999999995,7.045923599999992e-07,-0.5248111553927957
2025-03-02,89393,-0.0007900000000000001,1.0353578947368423e-05,0.0020304000000000003,-0.0059435,-0.0028204000000000007,7.954656160000004e-06,-0.8765273187446577
2025-03-02,22111,5.000000000000002e-06,7.436578947368422e-07,0.0005739000000000001,-0.0013057000000000003,-0.0005689000000000001,3.236472100000001e-07,-0.6597043341956805
2025-03-02,13721,0.0011842105263157896,1.3584795321637428e-07,-0.0030090000000000004,0.0013748999999999994,0.00419321052631579,1.7583014518005543e-05,11.376799848767735
2025-03-02,66181,-0.0037900000000000004,1.4960947368421054e-05,0.0020299,-0.011289,-0.0058199,3.3871236010000004e-05,-1.5046516818926707
2025-03-02,59408,-0.0038200000000000005,1.4327999999999997e-05,0.0009649000000000001,-0.0109987,-0.004784900000000001,2.2895268010000007e-05,-1.2640960650478503
2025-03-02,11308,0.00035,1.3005263157894736e-06,0.001786,-0.0021041,-0.001436,2.062096e-06,-1.2592004426441248
2025-03-02,91937,-0.0030800000000000007,4.817473684210527e-06,0.003506000000000001,-0.0050680000000000005,-0.006586000000000002,4.337539600000002e-05,-3.000627263299335
2025-03-02,14541,0.002245,8.5205e-06,0.0056639,-0.0008534999999999994,-0.0034189000000000003,1.1688877210000003e-05,-1.1712614725179304
2025-03-02,90215,-0.0037449999999999996,5.8057631578947375e-06,-0.0033229999999999996,-0.006066799999999999,-0.00042200000000000007,1.7808400000000005e-07,-0.17513897085935962
2025-03-02,76076,-0.00318,8.644842105263158e-06,0.0006347999999999998,-0.0056888,-0.0038148,1.455269904e-05,-1.2974577999173231
2025-03-02,22752,0.0020750000000000005,3.851315789473685e-07,-0.004792700000000001,0.0025236,0.006867700000000002,4.716530329000002e-05,11.066409854139156
2025-03-02,92602,0.00024999999999999995,8.478947368421055e-07,0.0030712,-0.0021129,-0.0028212000000000003,7.959169440000001e-06,-3.063817591606405
2025-03-02,38703,-0.004250000000000001,1.0520526315789475e-05,-0.00012619999999999992,-0.009554100000000001,-0.004123800000000001,1.700572644000001e-05,-1.2713902036658489
2025-03-02,12490,-1.999999999999998e-05,9.322105263157895e-07,-0.0015960000000000002,-0.0014025,0.0015760000000000001,2.4837760000000004e-06,1.6322971105996318
2025-03-02,20482,-0.00417,9.058e-06,0.0032890000000000003,-0.0083748,-0.007459,5.5636681000000004e-05,-2.4783603303668804
2025-03-02,18143,-0.0005749999999999998,1.7198684210526316e-06,0.0008106999999999996,-0.0021225999999999997,-0.0013856999999999993,1.920164489999998e-06,-1.0566267609727056
2025-03-02,43449,-0.00027499999999999996,3.611447368421053e-06,0.0024501,-0.0020469,-0.0027251000000000003,7.426170010000001e-06,-1.433975722550443
2025-03-02,12060,-0.0012499999999999998,8.680526315789472e-06,0.0015785999999999999,-0.004525599999999999,-0.0028285999999999997,8.000977959999999e-06,-0.9600602927518614
2025-03-02,13856,-0.00018999999999999996,1.436736842105263e-06,0.0005254999999999997,-0.0022567000000000004,-0.0007154999999999997,5.119402499999995e-07,-0.5969267260127451
2025-03-02,89071,-0.00286,9.564631578947368e-06,-0.004320300000000001,-0.008797600000000001,0.0014603000000000007,2.1324760900000023e-06,0.4721804070014249
2025-03-02,62092,0.0009250000000000001,2.534605263157895e-06,-0.0042465,-0.0011308999999999994,0.005171500000000001,2.6744412250000006e-05,3.24833912333167
2025-03-02,19788,0.0025150000000000007,2.2718684210526316e-06,0.00019810000000000037,0.003811500000000001,0.0023169,5.368025610000001e-06,1.5371480628803704
2025-03-02,66093,-0.00078,3.3206315789473682e-06,0.0058965,-0.0027367999999999997,-0.0066765,4.457565225e-05,-3.66385692945797
2025-03-02,59176,-0.004888947368421053,8.179321052631579e-06,7.559999999999997e-05,-0.012113100000000002,-0.004964547368421053,2.4646730573296403e-05,-1.7358853227626951
2025-03-02,69032,-0.004350000000000001,2.2502631578947367e-05,0.00020250000000000059,-0.013733100000000003,-0.004552500000000001,2.072525625000001e-05,-0.9596951489786848
2025-03-02,65875,0.000575,2.1672368421052635e-06,0.0031201,0.0015458000000000006,-0.0025451,6.477534009999999e-06,-1.7288275054211444
2025-03-02,26403,-0.006915000000000002,1.7749763157894737e-05,-0.0005151999999999997,-0.0139737,-0.006399800000000002,4.095744004000003e-05,-1.519043185717192
2025-03-02,13447,-0.0023850000000000004,1.71245e-05,-0.005462300000000001,-0.008830300000000003,0.0030773000000000003,9.469775290000002e-06,0.7436368232132413
2025-03-02,77178,0.000821,3.0082e-07,-0.0023918999999999998,0.0004187999999999994,0.0032129,1.032272641e-05,5.857925648163203
2025-03-02,17830,-0.00032500000000000004,3.978815789473684e-06,0.0014026000000000002,-0.0021888000000000003,-0.0017276000000000001,2.9846017600000006e-06,-0.866096490920636
2025-03-16,14593,0.0012850000000000001,4.529210526315789e-07,-0.007308499999999998,0.002136,0.008593499999999999,7.384824224999998e-05,12.769057049610343
2025-03-16,10107,-0.0015850000000000003,6.518684210526315e-07,0.0031611,-0.0024641999999999997,-0.0047461000000000005,2.2525465210000004e-05,-5.878369931705082
2025-03-16,86580,-0.0047350000000000005,1.2915026315789474e-05,0.0036298000000000025,-0.0100298,-0.008364800000000002,6.996987904000003e-05,-2.327597670369844
2025-03-16,84788,-0.001303,1.0587063157894737e-06,-0.0027194000000000003,-0.0024573,0.0014164000000000004,2.006188960000001e-06,1.3765695737520671
2025-03-16,13407,-0.0021500000000000004,7.232105263157896e-06,-0.0040862,-0.004912100000000001,0.0019361999999999995,3.748870439999998e-06,0.7199757127844593
2025-03-16,90319,-0.0036950000000000012,4.9015526315789475e-06,0.0025224000000000015,-0.0066995,-0.006217400000000003,3.865606276000004e-05,-2.8082901305580923
2025-03-16,14542,-0.003105,4.242605263157896e-06,0.0028395000000000013,-0.006853200000000001,-0.005944500000000002,3.533708025000002e-05,-2.886017885353716
2025-03-16,93436,0.0040360000000000005,2.5290778947368426e-06,-0.0007286000000000032,0.0067384,0.004764600000000003,2.2701413160000033e-05,2.9960243832894484
2025-03-16,93002,-0.00329,5.513578947368421e-06,0.010161299999999998,-0.013836800000000002,-0.013451299999999998,0.00018093747168999993,-5.728586299261522
2025-03-16,50876,0.0008125000000000001,2.5154605263157897e-07,-0.011074200000000001,0.0012437999999999993,0.011886700000000002,0.00014129363689000004,23.700229347417253
2025-03-16,83443,0.0023850000000000004,1.0845000000000002e-06,3.8099999999999246e-05,0.0022946999999999993,0.002346900000000001,5.507939610000006e-06,2.253615426293173
2025-03-16,55976,0.00039249999999999995,9.691447368421052e-08,0.009311400000000001,0.00016740000000000055,-0.0089189,7.954677721000001e-05,-28.64949517563055
2025-03-16,47896,0.0025050000000000003,1.744710526315789e-06,-0.0010955000000000006,0.0044776,0.003600500000000001,1.2963600250000006e-05,2.725844797522209
2025-03-16,92611,0.0027250000000000004,5.356578947368422e-07,-0.0020629000000000016,0.0033609,0.004787900000000002,2.292398641000002e-05,6.541861060516493
2025-03-16,11850,0.0036700000000000005,1.3211578947368425e-06,-0.012447000000000001,0.0051197000000000005,0.016117000000000003,0.00025975768900000007,14.021899297441024
2025-03-16,91233,0.0018000000000000002,2.2736842105263158e-07,-0.005007300000000001,0.0025116000000000006,0.006807300000000001,4.633933329000002e-05,14.276107764227383
2025-03-16,92655,0.0042105263157894745,6.909941520467837e-07,0.015376200000000001,0.005506500000000001,-0.011165673684210526,0.00012467226882227145,-13.432218429890018
2025-03-16,87055,0.0017100000000000001,5.998947368421054e-07,0.0039226999999999995,0.0028843,-0.0022126999999999993,4.896041289999997e-06,-2.8568340271859545
2025-03-16,89393,0.0017150000000000002,1.367657894736842e-06,-0.0010274,0.0020304000000000003,0.0027424,7.520757759999999e-06,2.344995760322402
2025-03-16,22111,0.0008750000000000001,1.0188157894736842e-06,-0.0071004,0.0005739000000000001,0.0079754,6.360700516000001e-05,7.901410778581035
2025-03-16,10104,-0.0029052631578947376,2.5705263157894737e-06,-0.004600199999999999,-0.0055116,0.0016949368421052611,2.872810898725755e-06,1.0571643095910703
2025-03-16,18163,0.00066,1.2204210526315788e-06,-0.00042849999999999974,0.00010439999999999964,0.0010884999999999996,1.1848322499999991e-06,0.9853115824574243
2025-03-16,13721,-0.0008199999999999999,1.6437894736842106e-06,-0.015350600000000002,-0.0030090000000000004,0.014530600000000003,0.00021113833636000008,11.333406083641012
2025-03-16,66181,0.00162,2.385263157894737e-07,-0.0008272000000000002,0.0020299,0.0024472,5.98878784e-06,5.010733601662676
2025-03-16,59408,0.00025000000000000006,1.3805263157894737e-06,-0.012464399999999999,0.0009649000000000001,0.012714399999999999,0.00016165596735999996,10.821152701129698
2025-03-16,11308,0.001457894736842105,2.3146198830409358e-07,0.0017099000000000003,0.001786,-0.00025200526315789524,6.350665265928003e-08,-0.523805158895481
2025-03-16,91937,0.0027600000000000007,1.0930526315789474e-06,-0.0020135000000000005,0.003506000000000001,0.004773500000000002,2.2786302250000017e-05,4.565794807067297
2025-03-16,14541,0.004410526315789474,2.210994152046784e-06,-0.0191221,0.0056639,0.023532626315789472,0.0005537845013185872,15.826198245415442
2025-03-16,90215,-0.0015850000000000003,7.780289473684213e-06,-0.0047473,-0.0033229999999999996,0.0031623,1.0000141289999998e-05,1.1337183870052203
2025-03-16,76076,0.0005549999999999999,2.7868421052631577e-08,-0.0044253,0.0006347999999999998,0.0049803,2.480338809e-05,29.833164480929202
2025-03-16,92602,0.0027700000000000003,4.4536842105263146e-07,-0.0004148000000000009,0.0030712,0.003184800000000001,1.0142951040000006e-05,4.7722419556128814
2025-03-16,38703,0.00048000000000000007,5.458526315789475e-06,-0.0111945,-0.00012619999999999992,0.011674499999999999,0.00013629395024999998,4.996899160692996
2025-03-16,20482,0.0026100000000000003,3.241052631578947e-07,-0.0028183999999999996,0.0032890000000000003,0.0054284,2.946752656e-05,9.535177896199908
2025-03-16,12490,-0.000545,1.0099736842105261e-06,-0.0029847000000000003,-0.0015960000000000002,0.0024397000000000004,5.952136090000002e-06,2.427623859318946
2025-03-16,22752,-0.0011949999999999999,3.1173421052631574e-06,-0.011456500000000001,-0.004792700000000001,0.010261500000000002,0.00010529838225000002,5.81190647096602
2025-03-16,43449,0.0026150000000000006,7.463447368421052e-06,0.001139400000000001,0.0024501,0.0014755999999999997,2.177395359999999e-06,0.5401307582324218
2025-03-16,18143,0.0005849999999999999,9.607894736842103e-08,-0.003161900000000001,0.0008106999999999996,0.003746900000000001,1.4039259610000007e-05,12.088098336211603
2025-03-16,12060,0.0010975,3.8117763157894735e-07,-0.008081999999999999,0.0015785999999999999,0.009179499999999998,8.426322024999998e-05,14.868094834754631
2025-03-16,13856,0.0006149999999999999,8.976315789473685e-08,-0.0031095999999999997,0.0005254999999999997,0.0037246,1.3872645159999999e-05,12.431701611151041
2025-03-16,66093,0.00508421052631579,5.947368421052629e-07,-0.0037121000000000003,0.0058965,0.008796310526315791,7.737507887537399e-05,11.406125115236733
2025-03-16,19788,-2.000000000000001e-05,4.330105263157896e-06,0.0057839,0.00019810000000000037,-0.0058039,3.368525521e-05,-2.7891424400224074
2025-03-16,89071,-0.0018350000000000003,2.1887105263157897e-06,-0.005656400000000001,-0.004320300000000001,0.0038214000000000004,1.4603097960000003e-05,2.583023372860331
2025-03-16,65875,0.0024947368421052636,3.894152046783625e-07,-0.0008840999999999999,0.0031201,0.0033788368421052636,1.141653840556787e-05,5.414530054986804
2025-03-16,62092,-0.001685,2.9581842105263154e-06,-0.0122488,-0.0042465,0.0105638,0.00011159387044,6.141968191632795
2025-03-16,59176,-5.000000000000004e-06,7.826052631578951e-07,-0.003472299999999999,7.559999999999997e-05,0.003467299999999999,1.2022169289999993e-05,3.9194040536087913
2025-03-16,69032,7e-05,1.1990526315789475e-06,-0.0048945,0.00020250000000000059,0.0049645,2.464626025e-05,4.533737714555636
2025-03-16,26403,-8.999999999999999e-05,7.630526315789474e-07,-0.012867100000000001,-0.0005151999999999997,0.012777100000000001,0.00016325428441000005,14.626992765207348
2025-03-16,17830,0.0011820000000000003,2.127743157894737e-06,-0.0018648000000000004,0.0014026000000000002,0.0030468000000000005,9.282990240000003e-06,2.0887398168057643
2025-03-16,88352,0.0011250000000000003,3.3144736842105267e-07,0.002006600000000002,0.001688499999999999,-0.0008816000000000017,7.77218560000003e-07,-1.5313141439765665
2025-03-16,86868,-0.0001,1.185263157894737e-06,-0.0077667,0.0004787999999999997,0.007666699999999999,5.877828888999999e-05,7.0420819854995536
2025-03-30,14593,-0.00010999999999999992,3.251884210526316e-05,0.006332444444444445,-0.007308499999999998,-0.006442444444444445,4.1505090419753095e-05,-1.1297520693572762
2025-03-30,10107,0.0032400000000000007,3.436210526315789e-06,0.0012042222222222228,0.0031611,0.002035777777777778,4.144391160493828e-06,1.098222880020633
2025-03-30,86580,0.002965,9.234473684210525e-07,0.0008035555555555558,0.0036298000000000025,0.002161444444444444,4.671842086419752e-06,2.2492514200851796
2025-03-30,84788,0.0003850000000000001,1.1322394736842105e-05,0.002813777777777777,-0.0027194000000000003,-0.002428777777777777,5.898961493827157e-06,-0.7218029201840571
2025-03-30,13407,-0.0001899999999999999,7.123052631578948e-06,0.0011574444444444416,-0.0040862,-0.0013474444444444415,1.8156065308641896e-06,-0.5048679380958622
2025-03-30,90319,0.002285,1.4971315789473685e-06,0.0035664444444444446,0.0025224000000000015,-0.0012814444444444444,1.6420998641975309e-06,-1.0472968494948183
2025-03-30,14542,0.0025473684210526315,3.899298245614036e-06,0.003264333333333334,0.0028395000000000013,-0.0007169649122807024,5.140386854416753e-07,-0.3630819631553666
2025-03-30,93002,0.006670000000000001,5.09378947368421e-06,0.006648444444444443,0.010161299999999998,2.1555555555557646e-05,4.646419753087321e-10,0.009550777435340631
2025-03-30,93436,-0.00015000000000000001,1.711052631578947e-06,0.014687666666666663,-0.0007286000000000032,-0.014837666666666664,0.00022015635211111102,-11.343156551731688
2025-03-30,55976,0.008630000000000002,3.368115789473684e-05,0.0028629999999999997,0.009311400000000001,0.005767000000000003,3.325828900000004e-05,0.9937026425874893
2025-03-30,83443,0.002065,6.283447368421055e-06,0.001557,3.8099999999999246e-05,0.000508,2.58064e-07,0.20265845221398032
2025-03-30,50876,-0.001525,1.8548289473684212e-05,0.022270333333333333,-0.011074200000000001,-0.02379533333333333,0.0005662178884444444,-5.525096406820922
2025-03-30,47896,0.0020157894736842104,3.673251461988306e-05,0.0035245555555555555,-0.0010955000000000006,-0.0015087660818713451,2.2763750898054107e-06,-0.2489410873631037
2025-03-30,92611,0.0003600000000000001,2.7774105263157896e-05,0.000722,-0.0020629000000000016,-0.0003619999999999999,1.3104399999999994e-07,-0.06868921164736184
2025-03-30,92655,0.011560000000000003,3.4414736842105265e-06,-0.03633533333333333,0.015376200000000001,0.04789533333333333,0.002293962955111111,25.81790352563567
2025-03-30,91233,-0.0008699999999999999,8.942210526315787e-06,0.005158111111111111,-0.005007300000000001,-0.006028111111111111,3.633812356790123e-05,-2.0158527413144407
2025-03-30,11850,-0.0016999999999999997,1.180421052631579e-05,0.00581188888888889,-0.012447000000000001,-0.007511888888888889,5.642847467901235e-05,-2.1864053544375346
2025-03-30,87055,0.0030500000000000006,8.657894736842107e-07,0.001742333333333333,0.0039226999999999995,0.0013076666666666677,1.7099921111111138e-06,1.4053707254868337
2025-03-30,18163,0.0015950000000000003,3.0099736842105273e-06,-0.0030996666666666655,-0.00042849999999999974,0.0046946666666666656,2.20398951111111e-05,2.7059727098797883
2025-03-30,89393,0.00015800000000000002,1.4818063157894738e-06,0.020651666666666665,-0.0010274,-0.020493666666666667,0.00041999037344444444,-16.83541968650715
2025-03-30,10104,-0.0009052631578947368,5.530526315789474e-06,0.005480555555555555,-0.004600199999999999,-0.0063858187134502925,4.077868064105195e-05,-2.7153971237350825
2025-03-30,22111,-0.0006894736842105264,8.669883040935672e-06,0.0021304444444444452,-0.0071004,-0.0028199181286549715,7.951938252316956e-06,-0.9577008660337847
2025-03-30,66181,0.000445,1.5628947368421053e-07,0.001302,-0.0008272000000000002,-0.000857,7.34449e-07,-2.167783755786967
2025-03-30,13721,-0.005085000000000001,1.7480289473684215e-05,0.008016888888888888,-0.015350600000000002,-0.013101888888888889,0.0001716594924567901,-3.133715761238914
2025-03-30,11308,0.0014315000000000003,1.4621607894736842e-06,0.0008057777777777778,0.0017099000000000003,0.0006257222222222225,3.915282993827164e-07,0.5174686124094905
2025-03-30,91937,0.0006899999999999999,9.73042105263158e-06,-0.010807666666666667,-0.0020135000000000005,0.011497666666666666,0.00013219633877777778,3.6859029582136436
2025-03-30,59408,-0.0017820000000000002,1.3559532631578947e-05,0.011226222222222224,-0.012464399999999999,-0.013008222222222225,0.00016921384538271612,-3.532609131126533
2025-03-30,90215,-0.00046999999999999993,3.723263157894737e-06,0.005880777777777778,-0.0047473,-0.006350777777777778,4.0332378382716055e-05,-3.2912816616011007
2025-03-30,92602,0.0007900000000000001,1.7714736842105268e-06,0.011330777777777778,-0.0004148000000000009,-0.010540777777777777,0.00011110799616049382,-7.9196375293790515
2025-03-30,14541,-0.0032050000000000004,2.6642605263157895e-05,0.0026423333333333338,-0.0191221,-0.005847333333333335,3.4191307111111124e-05,-1.1328424296789124
2025-03-30,76076,0.00025000000000000006,2.9278947368421052e-06,-0.001110888888888889,-0.0044253,0.001360888888888889,1.8520185679012347e-06,0.795325557835704
2025-03-30,43449,0.0012000000000000001,4.968421052631579e-07,0.002532222222222222,0.001139400000000001,-0.001332222222222222,1.7748160493827156e-06,-1.8900246875985933
2025-03-30,20482,-0.00017999999999999993,4.1901052631578955e-06,0.0023135555555555552,-0.0028183999999999996,-0.0024935555555555553,6.217819308641974e-06,-1.21816630315481
2025-03-30,12490,-0.0007050000000000001,1.9941842105263158e-06,-0.0011289999999999998,-0.0029847000000000003,0.0004239999999999997,1.7977599999999972e-07,0.3002501409464934
2025-03-30,18143,-0.0014100000000000002,2.95778947368421e-06,0.0017217777777777778,-0.003161900000000001,-0.003131777777777778,9.808032049382718e-06,-1.8209889424334573
2025-03-30,38703,-0.0033350000000000003,1.4697131578947367e-05,0.012329333333333335,-0.0111945,-0.015664333333333336,0.00024537133877777784,-4.085974247469715
2025-03-30,19788,0.0029249999999999996,4.1724999999999994e-06,0.02817022222222222,0.0057839,-0.02524522222222222,0.0006373212450493826,-12.358934349299757
2025-03-30,22752,-0.0032474999999999995,1.612301973684211e-05,0.005042888888888889,-0.011456500000000001,-0.008290388888888889,6.873054792901234e-05,-2.0646750527493483
2025-03-30,13856,-0.00098,1.4869473684210527e-06,-0.008583444444444442,-0.0031095999999999997,0.007603444444444442,5.781236741975305e-05,6.235375019548421
2025-03-30,12060,-0.0009350000000000003,6.216078947368422e-06,0.010123666666666668,-0.008081999999999999,-0.011058666666666668,0.00012229410844444448,-4.4355196425213865
2025-03-30,89071,7.499999999999998e-05,6.20092105263158e-06,0.0035602222222222224,-0.005656400000000001,-0.0034852222222222225,1.2146773938271606e-05,-1.3995949713370546
2025-03-30,66093,6.500000000000002e-05,2.4560789473684217e-06,0.00025511111111111145,-0.0037121000000000003,-0.00019011111111111144,3.614223456790136e-08,-0.12130713305909084
2025-03-30,65875,0.00033,8.737894736842106e-07,-0.004615666666666667,-0.0008840999999999999,0.004945666666666668,2.4459618777777787e-05,5.290801130631331
2025-03-30,88352,0.0014950000000000002,1.4910263157894735e-06,0.004841999999999999,0.002006600000000002,-0.003346999999999999,1.1202408999999993e-05,-2.7410253878516797
2025-03-30,59176,0.0005899999999999999,1.6246210526315788e-05,0.006194777777777778,-0.003472299999999999,-0.005604777777777778,3.1413533938271606e-05,-1.3905363930673433
2025-03-30,69032,-0.001057894736842105,5.131461988304093e-06,0.008061333333333332,-0.0048945,-0.009119228070175437,8.316032059587562e-05,-4.025663958091473
2025-03-30,17830,0.0009750000000000002,1.664092105263158e-05,-0.0018357777777777784,-0.0018648000000000004,0.0028107777777777784,7.900471716049386e-06,0.6890295239166011
2025-03-30,62092,-0.002645,1.3657342105263158e-05,-0.003426555555555556,-0.0122488,0.0007815555555555557,6.108290864197534e-07,0.21148363203817247
2025-03-30,78975,0.000715,3.876078947368422e-06,0.006992666666666667,-0.000994999999999999,-0.006277666666666667,3.9409098777777775e-05,-3.1886139709254278
2025-03-30,13447,0.0009000000000000001,3.410000000000001e-06,0.02211511111111111,-6.499999999999974e-05,-0.021215111111111108,0.00045008093945679,-11.48862678022253
2025-04-13,14593,0.0083,2.9000000000000006e-06,-0.0051365,0.009758699999999999,0.0134365,0.00018053953225,7.890184479509313
2025-04-13,10107,0.0036249999999999998,9.23671052631579e-06,0.011615799999999999,0.002945600000000001,-0.0079908,6.385288463999999e-05,-2.629248254684847
2025-04-13,86580,0.010345,7.174576315789475e-05,0.005091899999999999,0.0038468,0.005253100000000001,2.759505961000001e-05,0.6201796884299114
2025-04-13,84788,0.0050999999999999995,1.6515789473684212e-06,0.0022519000000000003,0.0045465,0.0028480999999999992,8.111673609999996e-06,2.216182721915147
2025-04-13,13407,0.0027,1.5302105263157887e-05,0.008165200000000001,0.0005437999999999991,-0.005465200000000001,2.986841104000001e-05,-1.397109568619812
2025-04-13,90319,0.007270000000000001,1.4577999999999997e-05,-0.0055189,0.0060367,0.012788900000000002,0.00016355596321000006,3.3495326737104816
2025-04-13,93436,0.008750000000000003,8.006842105263159e-06,0.0048782,0.0131832,0.0038718000000000025,1.4990835240000019e-05,1.368303013177505
2025-04-13,93002,0.008925000000000002,4.138815789473684e-06,0.008073899999999998,0.0115785,0.0008511000000000039,7.243712100000067e-07,0.4183526669380671
2025-04-13,14542,0.006145000000000002,4.564710526315789e-06,-0.005602499999999999,0.0055317000000000005,0.011747500000000001,0.00013800375625000003,5.498431675943986
2025-04-13,50876,0.013225,1.822302631578947e-05,-0.0175077,0.021638499999999998,0.0307327,0.0009444988492900001,7.199303217607078
2025-04-13,55976,0.004555000000000001,3.3141842105263154e-06,0.0019799,0.004993699999999999,0.0025751000000000007,6.631140010000003e-06,1.4145092014186038
2025-04-13,83443,0.002795,4.699736842105263e-07,-0.0031294999999999995,0.0030103999999999994,0.005924499999999999,3.509970024999999e-05,8.642013362343562
2025-04-13,47896,0.006594999999999999,6.814184210526317e-06,0.0038918999999999994,0.007174599999999999,0.0027031,7.30674961e-06,1.0355120990472015
2025-04-13,92611,0.0027578947368421054,1.3714619883040936e-06,0.0050881,0.0033577000000000004,-0.0023302052631578945,5.4298565684487524e-06,-1.9897673088564645
2025-04-13,91233,0.006515,1.4024499999999996e-05,0.0064367999999999995,0.0067271,7.820000000000049e-05,6.115240000000077e-09,0.020881565734271745
2025-04-13,11850,0.0070750000000000006,1.4082894736842107e-06,-0.0010687000000000003,0.008443,0.0081437,6.631984969e-05,6.862396383921362
2025-04-13,89393,0.013535000000000002,1.1371868421052634e-05,0.0035231999999999998,0.018273900000000003,0.010011800000000001,0.00010023613924000003,2.968904666686661
2025-04-13,87055,0.0021,1.5884210526315794e-06,0.0032647,0.0014747999999999999,-0.0011647000000000003,1.3565260900000007e-06,-0.9241261469735679
2025-04-13,10104,0.0034100000000000007,1.018842105263158e-06,0.0083563,0.004182599999999999,-0.0049463,2.4465883689999997e-05,-4.900348997473019
2025-04-13,92655,-0.004415,6.808976315789474e-05,-0.009382999999999999,-0.0318488,0.004967999999999999,2.4681023999999992e-05,0.6020612492376878
2025-04-13,18163,0.0017650000000000003,3.229763157894737e-06,-0.0020848999999999998,-0.0007414999999999996,0.0038499,1.482173001e-05,2.142220203568074
2025-04-13,22111,0.004,1.5478947368421053e-05,-0.00018859999999999987,0.003961900000000001,0.0041886,1.754436996e-05,1.0646287171940876
2025-04-13,66181,0.0016,1.955555555555555e-06,0.0014567,0.0012397000000000003,0.00014330000000000007,2.053489000000002e-08,0.10247339177917009
2025-04-13,13721,0.007305000000000001,5.34184210526316e-07,-0.0005624000000000003,0.007703099999999999,0.007867400000000002,6.189598276000002e-05,10.764297892234504
2025-04-13,11308,0.0017631578947368421,9.595789473684211e-06,-0.0019085000000000005,0.0016721,0.003671657894736843,1.3481071695983384e-05,1.185282448809534
2025-04-13,59408,0.008555000000000002,4.257342105263158e-06,0.005202099999999999,0.0103825,0.0033529000000000024,1.1241938410000015e-05,1.624992368878493
2025-04-13,92602,0.009725000000000003,1.4335526315789478e-06,-0.0002667000000000001,0.011997,0.009991700000000003,9.983406889000005e-05,8.345119590443124
2025-04-13,91937,-0.0008000000000000001,1.1009473684210526e-05,0.0047480000000000005,-0.0087313,-0.005548000000000001,3.078030400000001e-05,-1.672065066661529
2025-04-13,90215,0.006178947368421053,5.598397660818714e-05,0.0028504000000000003,0.0052457,0.0033285473684210526,1.1079227583822715e-05,0.44485950054615
2025-04-13,19788,0.019225000000000003,2.138092105263158e-05,0.0053269,0.025307999999999997,0.013898100000000004,0.0001931571836100001,3.0056764408394745
2025-04-13,14541,0.002705,1.8215526315789467e-06,-9.210000000000034e-05,0.0028597000000000006,0.0027971000000000003,7.823768410000002e-06,2.072464648224663
2025-04-13,38703,0.008290000000000002,1.1904210526315787e-06,0.0044548999999999995,0.0101457,0.0038351000000000027,1.470799201000002e-05,3.515008610686987
2025-04-13,43449,0.0027,8.852631578947368e-07,-0.0009159999999999998,0.0032960000000000003,0.003616,1.3075455999999998e-05,3.8431932818510033
2025-04-13,76076,0.0013349999999999998,1.5823947368421052e-06,0.0052876,0.0003079000000000003,-0.0039526000000000006,1.5623046760000005e-05,-3.142139421427109
2025-04-13,20482,0.0031550000000000003,2.4278684210526314e-06,0.0033701999999999994,0.0039939,-0.00021519999999999916,4.631103999999964e-08,-0.1381114528547148
2025-04-13,12490,0.0026000000000000003,3.092631578947368e-05,0.007742099999999997,0.001567199999999999,-0.005142099999999997,2.6441192409999967e-05,-0.9246479798499376
2025-04-13,12060,0.007955,1.4856289473684213e-05,0.0080631,0.0091994,-0.00010809999999999986,1.168560999999997e-08,-0.028045973377575688
2025-04-13,18143,0.0033550000000000003,1.7173421052631581e-06,0.0009809,0.0038535000000000006,0.0023741000000000005,5.6363508100000026e-06,1.8116345685562238
2025-04-13,22752,0.006687000000000001,2.773695789473685e-06,-0.00834,0.006640499999999999,0.015027000000000002,0.00022581072900000008,9.022832034435783
2025-04-13,89071,0.0029100000000000007,1.6651578947368423e-06,0.0048755,0.0028957,-0.001965499999999999,3.8631902499999955e-06,-1.523159339510528
2025-04-13,13447,0.010185000000000003,3.362028947368421e-05,0.0036810000000000002,0.020181799999999996,0.006504000000000003,4.2302016000000034e-05,1.1217079770239449
2025-04-13,66093,0.0022950000000000006,2.877342105263158e-06,0.0038577,0.0017453000000000006,-0.0015626999999999993,2.4420312899999978e-06,-0.9212550078901798
2025-04-13,69032,0.007615789473684212,2.3869590643274857e-06,0.005672999999999999,0.008700099999999999,0.0019427894736842128,3.774430939058181e-06,1.2574862826029292
2025-04-13,59176,0.00581,1.6788421052631578e-06,0.007271,0.007292700000000001,-0.0014609999999999996,2.1345209999999987e-06,-1.1275746136613878
2025-04-13,88352,0.005430000000000001,2.511684210526315e-06,0.004208000000000001,0.0051913,0.001222,1.493284e-06,0.7710609129492588
2025-04-13,13856,-0.000575,1.1093552631578947e-05,-0.002191,-0.0075239,0.0016159999999999998,2.6114559999999995e-06,0.48518351038487706
2025-04-13,65875,0.00018999999999999998,2.9449368421052637e-06,0.004059,-0.0022669,-0.003869,1.4969161e-05,-2.254554494865531
2025-04-13,78975,0.008205,4.1331315789473685e-06,0.0047377999999999995,0.0079506,0.003467200000000001,1.2021475840000007e-05,1.7054511267327246
2025-04-13,86868,0.009740000000000002,2.061473684210527e-06,0.0040885999999999995,0.0108572,0.005651400000000003,3.193832196000003e-05,3.9361093003919954
2025-04-13,17830,0.0020800000000000007,3.1532631578947374e-06,0.0027643999999999998,-0.0007157000000000008,-0.0006843999999999991,4.6840335999999873e-07,-0.38541613555099474
2025-04-27,10107,0.008157894736842107,7.142573099415206e-06,0.002811200000000001,0.011615799999999999,0.0053466947368421055,2.8587144608975072e-05,2.0005897638966927
2025-04-27,14593,0.00043499999999999995,4.3371315789473694e-06,-0.001249500000000001,-0.0051365,0.001684500000000001,2.837540250000004e-06,0.8088532156087889
2025-04-27,86580,0.00404,1.3214736842105267e-06,0.012237599999999998,0.005091899999999999,-0.008197599999999998,6.720064575999996e-05,-7.1311153863094665
2025-04-27,84788,0.00202,5.616842105263157e-07,0.004400599999999999,0.0022519000000000003,-0.002380599999999999,5.667256359999997e-06,-3.176437550699407
2025-04-27,13407,0.00585,2.9815789473684203e-06,0.006046200000000001,0.008165200000000001,-0.00019620000000000054,3.8494440000000214e-08,-0.11362551023191687
2025-04-27,93002,0.00645,1.5331578947368417e-06,0.009741500000000002,0.008073899999999998,-0.003291500000000002,1.0833972250000013e-05,-2.65827812569456
2025-04-27,93436,0.00439,1.8777894736842109e-06,0.013434300000000001,0.0048782,-0.009044300000000002,8.179936249000003e-05,-6.600115101143155
2025-04-27,90319,-0.00099,4.049368421052631e-06,0.0100138,-0.0055189,-0.0110038,0.00012108361443999998,-5.468258571741956
2025-04-27,14542,-0.00032,5.727999999999999e-06,0.009600999999999998,-0.005602499999999999,-0.009921,9.842624099999998e-05,-4.145280705801269
2025-04-27,55976,0.0013250000000000002,6.703947368421052e-07,-0.00035169999999999993,0.0019799,0.0016767000000000002,2.8113228900000003e-06,2.0478119184597188
2025-04-27,47896,0.0032350000000000005,9.402894736842105e-07,0.0030423999999999994,0.0038918999999999994,0.0001926000000000011,3.709476000000042e-08,0.19862115161947125
2025-04-27,50876,-0.0008249999999999999,1.9770394736842106e-05,-0.0023991000000000004,-0.0175077,0.0015741000000000006,2.477790810000002e-06,0.35401743298479377
2025-04-27,83443,-2.4999999999999913e-05,4.389342105263157e-06,-0.0019875,-0.0031294999999999995,0.0019625000000000003,3.851406250000001e-06,0.9367203383912865
2025-04-27,92611,0.005005000000000001,5.783947368421056e-07,0.0005085000000000006,0.0050881,0.0044965000000000005,2.0218512250000005e-05,5.912381256907435
2025-04-27,91233,0.0055650000000000005,1.8729210526315785e-06,-0.0008331000000000005,0.0064367999999999995,0.006398100000000001,4.0935683610000015e-05,4.6751041245068965
2025-04-27,89393,0.003068421052631579,3.478362573099414e-07,0.003994800000000001,0.0035231999999999998,-0.0009263789473684214,8.581779541274244e-07,-1.5707289639123383
2025-04-27,11850,0.00073,1.3201052631578946e-06,-0.0031048000000000004,-0.0010687000000000003,0.0038348,1.4705691040000002e-05,3.337631898525752
2025-04-27,87055,0.003015789473684211,4.2140350877192963e-07,0.00010740000000000004,0.0032647,0.0029083894736842107,8.45872933063712e-06,4.480262811994707
2025-04-27,10104,0.00551,5.06936842105263e-06,0.0038812,0.0083563,0.0016288000000000001,2.6529894400000005e-06,0.7234205360323422
2025-04-27,22111,0.00028,7.553684210526317e-07,-0.0007151999999999998,-0.00018859999999999987,0.0009952,9.904230399999998e-07,1.1450671481140648
2025-04-27,18163,0.000315,2.718684210526315e-07,0.005147699999999999,-0.0020848999999999998,-0.004832699999999999,2.3354989289999987e-05,-9.268521330850971
2025-04-27,66181,0.001185,2.2239473684210525e-07,0.00011710000000000001,0.0014567,0.0010679,1.1404104100000002e-06,2.2644791899367522
2025-04-27,92655,-0.00304,5.015157894736841e-06,-0.022115100000000006,-0.009382999999999999,0.019075100000000005,0.0003638594400100002,8.51774272121887
2025-04-27,13721,-6.75e-05,1.2932302631578947e-06,-0.0004586999999999997,-0.0005624000000000003,0.0003911999999999997,1.5303743999999977e-07,0.3440019596390367
2025-04-27,59408,0.004660000000000001,1.3698947368421055e-06,0.0034742,0.005202099999999999,0.0011858000000000007,1.4061216400000018e-06,1.0131362331365488
2025-04-27,11308,3.9999999999999976e-05,2.2835789473684212e-06,0.0018430999999999996,-0.0019085000000000005,-0.0018030999999999998,3.251169609999999e-06,-1.193196025619651
2025-04-27,91937,0.0023089473684210528,1.7832988304093565e-06,-0.00031999999999999997,0.0047480000000000005,0.0026289473684210527,6.911364265927979e-06,1.9686559747984909
2025-04-27,19788,0.0038450000000000003,3.5878684210526313e-06,0.005475099999999999,0.0053269,-0.001630099999999999,2.6572260099999965e-06,-0.860589402137189
2025-04-27,90215,0.001985,6.580289473684209e-06,-0.0006224000000000001,0.0028504000000000003,0.0026073999999999997,6.798534759999998e-06,1.01644799057818
2025-04-27,92602,0.00035999999999999997,7.825263157894738e-07,0.0050054,-0.0002667000000000001,-0.0046454,2.157974116e-05,-5.251382346420001
2025-04-27,14541,0.0011650000000000002,4.343447368421051e-06,-0.00013710000000000008,-9.210000000000034e-05,0.0013021000000000003,1.6954644100000006e-06,0.6247799114702781
2025-04-27,76076,0.004610000000000001,4.5252631578947395e-07,0.0056151,0.0052876,-0.0010050999999999984,1.0102260099999966e-06,-1.4941264468795594
2025-04-27,38703,0.00335,1.3857894736842105e-06,0.0006514000000000004,0.0044548999999999995,0.0026986,7.282441959999999e-06,2.292397293016968
2025-04-27,12490,0.005620000000000002,4.664842105263158e-06,0.0038413,0.007742099999999997,0.0017787000000000015,3.1637736900000057e-06,0.8235391140806836
2025-04-27,20482,0.00308421052631579,1.0473684210526309e-07,-0.0013410999999999998,0.0033701999999999994,0.00442531052631579,1.958337325432133e-05,13.673950803220597
2025-04-27,12060,0.006465000000000001,1.4981842105263158e-06,0.008067999999999997,0.0080631,-0.001602999999999996,2.569608999999987e-06,-1.309636934247448
2025-04-27,43449,0.000115,5.592368421052631e-07,0.00033709999999999985,-0.0009159999999999998,-0.00022209999999999984,4.932840999999993e-08,-0.2969960485652874
2025-04-27,18143,0.0008650000000000001,3.3081578947368424e-07,0.0014077,0.0009809,-0.0005426999999999999,2.945232899999999e-07,-0.9435538840288166
2025-04-27,89071,0.003985000000000001,6.287105263157898e-07,0.0006973,0.0048755,0.0032877000000000006,1.0808971290000003e-05,4.1463581822543105
2025-04-27,13447,0.00335,1.4068421052631583e-06,0.002564,0.0036810000000000002,0.0007860000000000002,6.177960000000004e-07,0.6626739019583466
2025-04-27,66093,0.0029750000000000006,8.009210526315791e-07,-0.0013653000000000003,0.0038577,0.004340300000000001,1.8838204090000008e-05,4.849811891975527
2025-04-27,59176,0.006485000000000002,1.847657894736842e-06,0.00045169999999999943,0.007271,0.006033300000000003,3.6400708890000036e-05,4.438580897312951
2025-04-27,69032,0.0042947368421052635,1.0105263157894738e-06,0.0037148999999999993,0.005672999999999999,0.0005798368421052642,3.362107634626051e-07,0.5768089527823486
2025-04-27,88352,0.003315,1.1602894736842105e-06,0.0007016000000000002,0.004208000000000001,0.0026133999999999997,6.829859559999999e-06,2.426178280961261
2025-04-27,26403,0.007460000000000001,1.1937263157894738e-05,0.0036432,0.016607100000000003,0.0038168000000000013,1.456796224000001e-05,1.1047067802350743
2025-04-27,22752,-0.0021449999999999998,8.69628947368421e-06,0.0025272,-0.00834,-0.0046722,2.1829452839999996e-05,-1.5843620498912436
2025-04-27,65875,0.0027300000000000007,1.9274736842105262e-06,-0.0005902000000000001,0.004059,0.0033202000000000006,1.1023728040000003e-05,2.391497970007376
2025-04-27,78975,0.003994736842105264,1.5805263157894737e-06,0.010012799999999999,0.0047377999999999995,-0.006018063157894735,3.621708417240995e-05,-4.786916760343327
2025-04-27,13856,-0.0005105263157894738,1.1021052631578947e-06,-0.0007885000000000001,-0.002191,0.0002779736842105264,7.726936911357345e-08,0.2647842477537953
2025-04-27,86868,0.00375,5.057894736842108e-07,0.0055557,0.0040885999999999995,-0.0018057000000000004,3.2605524900000013e-06,-2.5389883297907723
2025-05-11,10107,0.0023600000000000006,3.362105263157894e-07,0.004917777777777778,0.002811200000000001,-0.0025577777777777773,6.5422271604938245e-06,-4.411204142458227
2025-05-11,86580,0.006450000000000002,1.3997368421052628e-05,0.00873488888888889,0.012237599999999998,-0.0022848888888888875,5.220717234567895e-06,-0.6107196432366035
2025-05-11,14593,-0.00024000000000000003,5.965684210526316e-06,0.0048783333333333335,-0.001249500000000001,-0.005118333333333333,2.619733611111111e-05,-2.0955519695850566
2025-05-11,84788,0.0035400000000000006,2.837263157894737e-06,0.006832555555555554,0.004400599999999999,-0.0032925555555555538,1.0840922086419741e-05,-1.9547143544141703
2025-05-11,13407,0.003735000000000001,4.9245e-06,0.01204488888888889,0.006046200000000001,-0.00830988888888889,6.905425334567902e-05,-3.7446751268163845
2025-05-11,93436,0.0077350000000000006,1.227292105263158e-05,-0.013767888888888889,0.013434300000000001,0.02150288888888889,0.0004623742305679013,6.13794285143598
2025-05-11,93002,0.007150000000000001,3.212105263157895e-06,0.008841222222222223,0.009741500000000002,-0.0016912222222222216,2.8602326049382693e-06,-0.9436388051353227
2025-05-11,90319,0.007515000000000001,7.479236842105264e-06,0.003517444444444444,0.0100138,0.003997555555555556,1.5980450419753093e-05,1.4617256400927807
2025-05-11,14542,0.007275000000000001,5.4577631578947376e-06,0.0035563333333333332,0.009600999999999998,0.003718666666666668,1.3828481777777786e-05,1.5917685078541672
2025-05-11,55976,0.00046315789473684214,8.702339181286551e-07,0.0013419999999999999,-0.00035169999999999993,-0.0008788421052631577,7.723634459833792e-07,-0.9420909950397589
2025-05-11,47896,0.0021200000000000004,2.6058947368421056e-06,0.002160555555555556,0.0030423999999999994,-4.055555555555583e-05,1.6447530864197754e-09,-0.0251230244293705
2025-05-11,50876,-0.000445,4.312078947368421e-06,0.008494555555555556,-0.0023991000000000004,-0.008939555555555555,7.991565353086419e-05,-4.304994252085209
2025-05-11,83443,-0.0005499999999999999,6.689473684210527e-07,-0.002172444444444444,-0.0019875,0.001622444444444444,2.6323259753086402e-06,1.9836902551537992
2025-05-11,92611,0.000665,1.106605263157895e-06,0.0051507777777777776,0.0005085000000000006,-0.004485777777777778,2.0122202271604937e-05,-4.2642375428229915
2025-05-11,91233,-4.2105263157894724e-05,2.7035087719298247e-07,0.005152555555555555,-0.0008331000000000005,-0.00519466081871345,2.6984501021476688e-05,-9.990639870612945
2025-05-11,89393,0.0036200000000000004,6.943157894736842e-07,0.005234555555555556,0.003994800000000001,-0.0016145555555555553,2.606789641975308e-06,-1.9376461622039751
2025-05-11,87055,0.0005100000000000001,9.198947368421055e-07,0.0008691111111111114,0.00010740000000000004,-0.00035911111111111126,1.289607901234569e-07,-0.3744206351311274
2025-05-11,11850,-0.00016999999999999999,2.3569473684210526e-06,0.001393666666666667,-0.0031048000000000004,-0.001563666666666667,2.4450534444444456e-06,-1.0185192366850013
2025-05-11,10104,0.002565,4.165552631578948e-06,0.012321,0.0038812,-0.009756,9.517953600000002e-05,-4.780083450520135
2025-05-11,18163,0.004685,6.287105263157896e-07,-0.0011904444444444445,0.005147699999999999,0.005875444444444444,3.4520847419753084e-05,7.409951378350475
2025-05-11,22111,0.0006349999999999999,5.392368421052632e-07,0.0024742222222222223,-0.0007151999999999998,-0.0018392222222222223,3.38273838271605e-06,-2.504634896784463
2025-05-11,66181,0.00039499999999999995,1.5510263157894736e-06,0.002135888888888889,0.00011710000000000001,-0.001740888888888889,3.0306941234567905e-06,-1.3978528949969944
2025-05-11,59408,0.00271,1.1420000000000002e-06,0.005166555555555555,0.0034742,-0.002456555555555555,6.0346651975308625e-06,-2.2987595066234032
2025-05-11,13721,0.00023499999999999997,5.739736842105263e-07,0.003955888888888888,-0.0004586999999999997,-0.003720888888888888,1.3845014123456785e-05,-4.911348036871912
2025-05-11,11308,0.0011,6.126315789473685e-07,-0.0006298888888888888,0.0018430999999999996,0.0017298888888888889,2.9925155679012346e-06,2.210133561569581
2025-05-11,19788,0.00484,1.277263157894737e-06,0.004844333333333333,0.005475099999999999,-4.333333333333619e-06,1.8777777777780257e-11,-0.0038342630548303656
2025-05-11,92602,0.005450000000000001,1.2605263157894736e-06,0.0022182222222222217,0.0050054,0.003231777777777779,1.044438760493828e-05,2.878495348176
2025-05-11,91937,0.0003875,1.1394407894736844e-06,0.001793555555555556,-0.00031999999999999997,-0.001406055555555556,1.976992225308643e-06,-1.31721479359927
2025-05-11,92655,-0.0040149999999999995,4.389713157894737e-05,0.0029135555555555555,-0.022115100000000006,-0.006928555555555555,4.8004882086419745e-05,-1.045742196187764
2025-05-11,90215,0.00034500000000000004,1.505763157894737e-06,0.0007101111111111108,-0.0006224000000000001,-0.00036511111111111076,1.3330612345678987e-07,-0.2975409300709951
2025-05-11,76076,0.004825000000000001,5.612500000000001e-06,0.005125666666666667,0.0056151,-0.0003006666666666661,9.04004444444441e-08,-0.12691329095073334
2025-05-11,12060,0.0063950000000000005,4.499447368421053e-06,0.010507111111111111,0.008067999999999997,-0.004112111111111111,1.6909457790123453e-05,-1.9385868074596864
2025-05-11,12490,0.0034578947368421055,7.303508771929824e-07,0.004366222222222222,0.0038413,-0.0009083274853801163,8.250588206969655e-07,-1.0628615057213011
2025-05-11,14541,0.0012150000000000002,4.9866052631578945e-06,0.003035222222222222,-0.00013710000000000008,-0.001820222222222222,3.313208938271604e-06,-0.8151206895437366
2025-05-11,38703,0.0008850000000000004,1.3866052631578947e-06,0.005268555555555556,0.0006514000000000004,-0.0043835555555555555,1.9215559308641974e-05,-3.722631885133911
2025-05-11,20482,-0.00015499999999999997,1.8162894736842109e-06,0.0019333333333333336,-0.0013410999999999998,-0.0020883333333333335,4.361136111111112e-06,-1.549556041457651
2025-05-11,43449,0.0009050000000000001,9.162894736842105e-07,-0.0019376666666666665,0.00033709999999999985,0.0028426666666666665,8.080753777777777e-06,2.969679549547598
2025-05-11,18143,0.001085,2.539736842105264e-07,0.0037016666666666673,0.0014077,-0.0026166666666666673,6.846944444444448e-06,-5.192231439207759
2025-05-11,89071,0.0007700000000000001,1.069578947368421e-06,0.002896111111111111,0.0006973,-0.0021261111111111107,4.520348456790122e-06,-2.055793715421064
2025-05-11,13447,0.0015578947368421053,1.7914619883040938e-06,0.0028662222222222223,0.002564,-0.001308327485380117,1.7117208090010601e-06,-0.9774907724815352
2025-05-11,69032,0.0027050000000000004,1.3794473684210522e-06,0.0050273333333333324,0.0037148999999999993,-0.002322333333333332,5.393232111111105e-06,-1.9772973681875958
2025-05-11,78975,0.006825000000000002,3.795657894736842e-06,0.007791444444444446,0.010012799999999999,-0.0009664444444444443,9.340148641975305e-07,-0.4960590334829228
2025-05-11,59176,0.000655,2.465763157894737e-06,0.0066087777777777785,0.00045169999999999943,-0.005953777777777778,3.54474698271605e-05,-3.7915513410701527
2025-05-11,26403,0.0024526315789473686,2.0615204678362573e-06,0.004209111111111111,0.0036432,-0.0017564795321637428,3.0852203469101606e-06,-1.2233458918537734
2025-05-11,66093,0.0003200000000000001,3.296421052631579e-06,0.002704,-0.0013653000000000003,-0.002384,5.6834559999999995e-06,-1.313061027902569
2025-05-11,22752,0.002340000000000001,4.467368421052633e-07,0.002037444444444444,0.0025272,0.0003025555555555568,9.15398641975316e-08,0.45266742932662374
2025-05-11,88352,0.0003199999999999999,2.2322105263157894e-06,0.0035884444444444445,0.0007016000000000002,-0.0032684444444444445,1.0682729086419754e-05,-2.1876282929031583
2025-05-11,86868,0.003940000000000001,3.7435789473684212e-06,0.003466777777777778,0.0055557,0.00047322222222222297,2.2393927160493897e-07,0.24458038961614592
2025-05-11,18576,0.0038400000000000005,5.329894736842105e-06,-0.0025884444444444436,0.0061691,0.006428444444444444,4.132489797530864e-05,2.784495876122943
2025-05-11,65875,0.0006000000000000001,1.7042105263157898e-06,0.0012625555555555554,-0.0005902000000000001,-0.0006625555555555553,4.389798641975306e-07,-0.5075287843534441
2025-05-25,10107,0.0034399999999999995,1.9726315789473686e-07,0.001669888888888889,0.0033971,0.0017701111111111105,3.1332933456790104e-06,3.985451583498831
2025-05-25,86580,0.006175000000000002,1.4135526315789474e-06,0.001746111111111111,0.006701999999999998,0.00442888888888889,1.9615056790123468e-05,3.725107353889585
2025-05-25,14593,0.0017777777777777774,9.383006535947711e-07,-0.001515111111111111,0.0013660999999999999,0.0032928888888888886,1.08431172345679e-05,3.399429722150158
2025-05-25,84788,0.00474,8.741052631578949e-07,-0.001960111111111111,0.005110399999999999,0.0067001111111111115,4.4891488901234575e-05,7.166385019573191
2025-05-25,13407,0.007955,1.694184210526316e-06,-0.0022906666666666665,0.0093465,0.010245666666666667,0.00010497368544444445,7.871543638689681
2025-05-25,93002,0.005457894736842106,5.350350877192982e-06,0.001775222222222222,0.0071719999999999996,0.0036826725146198837,1.3562076849936738e-05,1.5921059612238178
2025-05-25,90319,0.001545,3.2471052631578945e-07,-0.004325555555555556,0.0017611000000000003,0.005870555555555556,3.4463422530864204e-05,10.302224712954654
2025-05-25,14542,0.0013950000000000004,4.5839473684210527e-07,-0.004395888888888889,0.0018110000000000001,0.00579088888888889,3.35343941234568e-05,8.55313685093911
2025-05-25,93436,-0.002275,1.069671052631579e-05,0.010178111111111112,-0.012889599999999998,-0.012453111111111113,0.00015507997634567905,-3.8076124789109684
2025-05-25,55976,0.0014,1.2589473684210523e-06,-0.0015182222222222222,0.0016352000000000003,0.0029182222222222222,8.516020938271605e-06,2.600845612963843
2025-05-25,47896,0.0018055555555555557,3.6055555555555553e-07,0.003861333333333333,0.0019598,-0.002055777777777777,4.226222271604935e-06,-3.4236556051168763
2025-05-25,50876,0.005985000000000001,4.579236842105263e-06,-0.0008447777777777784,0.0074368,0.006829777777777779,4.664586449382718e-05,3.191611491263195
2025-05-25,83443,-0.0003263157894736842,1.2509356725146201e-06,-0.0019523333333333333,-0.0019769999999999996,0.0016260175438596492,2.643933052939366e-06,1.4538102899238776
2025-05-25,92611,0.00304,7.119999999999999e-07,-0.009626333333333334,0.0033981999999999997,0.012666333333333335,0.00016043600011111115,15.011044628213332
2025-05-25,91233,0.003255,6.099736842105263e-07,-0.011003111111111111,0.0034867,0.01425811111111111,0.0002032937324567901,18.256034396769405
2025-05-25,89393,0.0038010526315789476,8.262432748538015e-07,-0.000856,0.0044939,0.004657052631578947,2.1688139213296398e-05,5.123387181205395
2025-05-25,10104,0.008315000000000001,3.173973684210527e-06,0.019615888888888888,0.0102371,-0.011300888888888886,0.0001277100896790123,-6.343237087984297
2025-05-25,87055,0.00043500000000000006,1.0518684210526314e-06,-0.003832,-0.00016370000000000056,0.004267,1.8207289e-05,4.160465589160784
2025-05-25,11850,0.00129,2.6936842105263153e-07,0.010691555555555557,0.0013126,-0.009401555555555557,8.838924686419756e-05,-18.114501057923768
2025-05-25,18163,0.000665,1.8634473684210526e-06,-0.003356222222222222,-0.0005685000000000003,0.004021222222222222,1.6170228160493827e-05,2.945774568012545
2025-05-25,22111,0.002755,2.375236842105263e-06,-0.0037732222222222216,0.002443,0.006528222222222222,4.2617685382716044e-05,4.235858744397338
2025-05-25,66181,0.000985,6.318684210526316e-07,-0.005413333333333334,0.0009881999999999998,0.006398333333333334,4.093866944444445e-05,8.049215154230616
2025-05-25,59408,0.004405000000000001,4.6050000000000024e-07,0.001343777777777778,0.0043958999999999995,0.003061222222222223,9.371081493827165e-06,4.511074921393085
2025-05-25,13721,0.003705000000000001,8.215526315789473e-07,-0.002627444444444445,0.0039547,0.006332444444444446,4.009985264197533e-05,6.98640395154007
2025-05-25,11308,0.001125,8.861842105263158e-07,-0.0031565555555555557,0.0003187,0.004281555555555556,1.8331717975308643e-05,4.548200270809553
2025-05-25,19788,0.003940000000000001,2.4467368421052636e-06,0.008264444444444444,0.005193999999999999,-0.004324444444444443,1.870081975308641e-05,-2.764627931255076
2025-05-25,92602,0.0030940000000000004,8.013515789473682e-07,0.0009929999999999997,0.0036856,0.0021010000000000004,4.414201000000002e-06,2.347007643221218
2025-05-25,91937,0.0031473684210526313,3.999298245614034e-06,-0.011373111111111112,0.0024696,0.014520479532163743,0.0002108443258439862,7.260876713029282
2025-05-25,92655,0.0016590000000000003,1.6894515789473686e-06,0.0004538888888888887,0.0022513999999999998,0.0012051111111111117,1.4522927901234582e-06,0.9271589951653229
2025-05-25,12060,0.008375000000000002,5.664078947368421e-06,-0.0071431111111111105,0.0105508,0.015518111111111113,0.00024081177245679016,6.5203995401087385
2025-05-25,90215,0.0011849999999999999,3.941342105263158e-06,-0.005475111111111112,-0.0029916,0.0066601111111111114,4.435708001234568e-05,3.354744180131446
2025-05-25,76076,0.004285000000000001,3.55026315789474e-07,0.0005143333333333331,0.0042185,0.0037706666666666674,1.4217927111111116e-05,6.328311798718039
2025-05-25,12490,0.00395,1.063684210526316e-06,0.004962111111111112,0.004030199999999999,-0.0010121111111111112,1.024368901234568e-06,-0.9813452763341324
2025-05-25,38703,0.00371,1.620000000000001e-07,-0.0012456666666666664,0.0039787,0.004955666666666666,2.455863211111111e-05,12.312452822773837
2025-05-25,14541,0.003611578947368421,2.641029239766083e-07,0.007219,0.0036556000000000006,-0.0036074210526315788,1.3013486650969528e-05,-7.019565498534968
2025-05-25,20482,0.001095,5.983947368421053e-07,-0.0004615555555555551,0.0015879000000000002,0.0015565555555555552,2.422865197530863e-06,2.0121981404751454
2025-05-25,18143,0.003368421052631579,2.0058479532163693e-08,-0.003999555555555556,0.0033097,0.007367976608187134,5.428707929879279e-05,52.02346005917661
2025-05-25,43449,-3.9999999999999996e-05,7.446315789473685e-07,-0.007381222222222223,-0.0016611999999999998,0.007341222222222223,5.389354371604939e-05,8.507415525811556
2025-05-25,89071,0.0014,1.1073684210526313e-06,-0.011571999999999999,0.0004355000000000001,0.012972,0.00016827278399999998,12.327098684491268
2025-05-25,78975,0.009570000000000002,1.0098000000000002e-05,-0.0014594444444444446,0.0151286,0.011029444444444446,0.00012164864475308645,3.470850872434251
2025-05-25,13447,0.0016799999999999999,7.532631578947369e-07,-0.006441444444444444,0.0014573,0.008121444444444443,6.595785986419751e-05,9.357501696364652
2025-05-25,59176,0.0049700000000000005,5.453684210526317e-07,-0.0013238888888888892,0.005265400000000001,0.00629388888888889,3.961303734567902e-05,8.52263870776703
2025-05-25,69032,0.003955000000000001,9.973421052631582e-07,0.0007948888888888891,0.0043741000000000006,0.003160111111111112,9.986302234567906e-06,3.164319122655359
2025-05-25,26403,0.0023450000000000003,2.3734210526315783e-07,0.0036564444444444444,0.0025193999999999998,-0.001311444444444444,1.7198865308641965e-06,-2.691922190478751
2025-05-25,66093,0.0029600000000000004,1.4989473684210526e-07,-0.0011950000000000003,0.0031314000000000003,0.004155000000000001,1.7264025000000005e-05,10.731930119371757
2025-05-25,88352,0.0021850000000000003,4.223947368421053e-07,-0.009720111111111112,0.0026528,0.011905111111111113,0.00014173167056790128,18.31783758341833
2025-05-25,22752,0.0016549999999999998,1.1710263157894738e-06,0.001369333333333333,0.0014997,0.0002856666666666667,8.160544444444447e-08,0.2639831700458993
2025-05-25,86868,0.00321,2.630526315789475e-07,0.0048304444444444445,0.0031718999999999996,-0.0016204444444444443,2.625840197530864e-06,-3.159459704580393
2025-05-25,61241,0.0047350000000000005,7.076578947368422e-07,0.011576555555555555,0.0050609999999999995,-0.006841555555555555,4.680688241975308e-05,-8.132857818446471
2025-05-25,17830,0.0042210526315789474,4.4286549707602366e-07,0.0060168888888888885,0.0042378,-0.001795836257309941,3.225027863068977e-06,-2.6985521316721615
2025-06-08,10107,0.0016400000000000002,1.3094736842105264e-07,0.0049315555555555545,0.0020802000000000004,-0.0032915555555555545,1.0834337975308635e-05,-9.09604922742698
2025-06-08,86580,0.002300000000000001,2.9578947368421053e-07,0.01161588888888889,0.0028073,-0.009315888888888887,8.678578579012343e-05,-17.129036812892547
2025-06-08,14593,0.00033421052631578944,5.4459064327485376e-08,0.00679511111111111,0.00027620000000000005,-0.006460900584795321,4.174323636660852e-05,-27.68585696402568
2025-06-08,84788,0.0006400000000000002,2.7831578947368416e-07,0.007176999999999999,0.0009581999999999995,-0.006536999999999999,4.273236899999999e-05,-12.391091449693796
2025-06-08,13407,0.00027250000000000006,2.1670394736842108e-07,0.005952444444444443,-0.00014959999999999973,-0.005679944444444443,3.226176889197529e-05,-12.20142842827112
2025-06-08,93002,-0.00041000000000000005,1.730421052631579e-06,0.010950111111111112,-0.0034037,-0.011360111111111112,0.00012905212445679017,-8.635881692272443
2025-06-08,93436,0.008025000000000001,7.56513157894737e-06,-0.0015836666666666662,0.012827300000000003,0.009608666666666666,9.232647511111111e-05,3.4934528376430563
2025-06-08,90319,-0.00045,1.5478947368421055e-06,0.008403444444444444,-0.0006411,-0.008853444444444445,7.838347853086421e-05,-7.116092007335605
2025-06-08,14542,-0.00023684210526315797,8.346783625730993e-07,0.008282666666666667,-0.0009469999999999999,-0.008519508771929826,7.258202971498925e-05,-9.325131755747764
2025-06-08,55976,0.000245,7.415526315789475e-07,0.0026077777777777774,-0.0018666000000000002,-0.0023627777777777774,5.582718827160492e-06,-2.743796434385922
2025-06-08,47896,0.0036750000000000003,1.5556578947368424e-06,0.008763,0.004918199999999999,-0.005088,2.5887743999999996e-05,-4.079341409896059
2025-06-08,50876,-0.000575,3.491447368421052e-06,0.002651777777777778,-0.0002118000000000002,-0.003226777777777778,1.0412094827160496e-05,-1.7268964929924713
2025-06-08,83443,-0.00015000000000000001,2.3315789473684215e-07,8.422222222222223e-05,-0.0007769999999999999,-0.00023422222222222225,5.486004938271606e-08,-0.48506845721786657
2025-06-08,92611,-0.0017100000000000001,7.63778947368421e-06,0.006559222222222222,-0.007723100000000001,-0.008269222222222223,6.838003616049384e-05,-2.99213249975797
2025-06-08,10104,0.007520000000000001,2.5645894736842104e-05,0.016581444444444444,0.0193371,-0.009061444444444443,8.210977541975306e-05,-1.789322011396808
2025-06-08,89393,-0.00020499999999999997,7.805000000000001e-07,0.005945666666666667,-0.0014937000000000001,-0.006150666666666667,3.783070044444445e-05,-6.9620275497435475
2025-06-08,11850,0.009575000000000002,2.5507236842105262e-05,-0.002301888888888889,0.0120186,0.011876888888888892,0.0001410604896790124,2.351640798820392
2025-06-08,91233,-0.00198,6.176421052631579e-06,0.007430222222222223,-0.009103400000000001,-0.009410222222222223,8.855228227160495e-05,-3.7864430752328024
2025-06-08,87055,-0.00027499999999999996,1.0482894736842104e-06,0.0008122222222222223,-0.0030402,-0.0010872222222222223,1.1820521604938274e-06,-1.0618855428939793
2025-06-08,18163,-0.00034,8.141052631578948e-07,0.001241444444444444,-0.0022711999999999997,-0.0015814444444444441,2.5009665308641966e-06,-1.7527245053114446
2025-06-08,22111,-0.00058,3.553263157894737e-06,0.004553333333333334,-0.0025043,-0.0051333333333333335,2.635111111111111e-05,-2.7232391354154846
2025-06-08,66181,-0.00049,2.9956842105263163e-06,0.006861,-0.0054001,-0.007351,5.4037201e-05,-4.247157901549828
2025-06-08,59408,0.0032049999999999995,7.194473684210527e-07,0.008135111111111112,0.0031247000000000002,-0.0049301111111111125,2.430599556790125e-05,-5.812422737334304
2025-06-08,13721,-5.999999999999998e-05,4.5831578947368413e-07,0.0024587777777777776,-0.0011058,-0.0025187777777777778,6.3442414938271605e-06,-3.720552552776164
2025-06-08,19788,0.008187000000000003,2.110464315789474e-05,-0.0016106666666666674,0.013951199999999997,0.00979766666666667,9.599427211111117e-05,2.132719074725555
2025-06-08,11308,-0.0005000000000000001,2.196842105263158e-06,0.004023333333333334,-0.0022204000000000004,-0.004523333333333334,2.046054444444445e-05,-3.051821800494779
2025-06-08,92602,0.0006600000000000001,4.8842105263157895e-08,-0.0017705555555555556,0.0007673,0.0024305555555555556,5.907600308641975e-06,10.997864500008976
2025-06-08,92655,0.0018340000000000001,5.744884210526314e-07,0.0027335555555555563,0.0029031,-0.0008995555555555562,8.092001975308654e-07,-1.1868268150228627
2025-06-08,76076,0.0020850000000000005,4.1502631578947373e-07,0.0057035555555555555,0.0026912999999999998,-0.003618555555555555,1.309394430864197e-05,-5.616909507863661
2025-06-08,14541,0.00659,3.7441052631578954e-06,-0.0007964444444444443,0.0089149,0.007386444444444445,5.45595615308642e-05,3.817344988681029
2025-06-08,12490,0.003845000000000001,1.886815789473685e-06,0.004381888888888889,0.005219099999999999,-0.000536888888888888,2.8824967901234466e-07,-0.39085859380012616
2025-06-08,12060,-0.00041999999999999996,4.135368421052632e-06,0.0036015555555555545,-0.0049561,-0.004021555555555554,1.6172909086419743e-05,-1.9775932411042727
2025-06-08,91937,-0.002135,1.2203447368421052e-05,0.009354222222222222,-0.0098438,-0.011489222222222222,0.00013200222727160492,-3.2888901135407953
2025-06-08,90215,-0.00010526315789473685,7.483040935672515e-07,0.004893444444444444,-0.0021687,-0.004998707602339181,2.4987077693683525e-05,-5.778547307430553
2025-06-08,38703,0.0009749999999999998,1.115657894736842e-06,0.011562222222222222,0.0007881000000000001,-0.010587222222222222,0.00011208927438271604,-10.023433360655051
2025-06-08,20482,0.000505,9.152368421052632e-07,0.0013433333333333324,-0.0006841999999999999,-0.0008383333333333324,7.028027777777762e-07,-0.8762943018680752
2025-06-08,18143,-0.0009263157894736841,1.2864912280701752e-06,0.00474211111111111,-0.0030786,-0.005668426900584794,3.2131063527273334e-05,-4.997572874774554
2025-06-08,69032,0.0015910000000000004,3.8330421052631575e-07,0.009233888888888887,0.0016341000000000005,-0.007642888888888887,5.84137505679012e-05,-12.344848115298433
2025-06-08,78975,0.00021578947368421054,2.3140350877192986e-07,0.002859666666666666,-0.0006691000000000001,-0.0026438771929824557,6.990086611572789e-06,-5.496121293159083
2025-06-08,26403,0.0027300000000000007,1.3832631578947372e-06,0.006372222222222222,0.004508300000000001,-0.003642222222222221,1.3265782716049375e-05,-3.0968062498772055
2025-06-08,59176,0.00133,1.2548421052631583e-06,0.010849555555555555,0.0010080999999999996,-0.009519555555555555,9.062193797530864e-05,-8.498105754999468
2025-06-08,61241,0.0071,4.046315789473685e-06,0.008525111111111112,0.010851099999999999,-0.0014251111111111114,2.0309416790123464e-06,-0.708465716864517
2025-06-08,43449,-0.0023925,8.46954605263158e-06,0.002605666666666667,-0.0071674,-0.004998166666666667,2.4981670027777784e-05,-1.7174364144594383
2025-06-08,13447,-0.00186,3.125684210526316e-06,0.008193888888888888,-0.0045581,-0.010053888888888888,0.00010108068179012345,-5.686715896835706
2025-06-08,66093,0.000415,2.0028947368421055e-07,0.0024328888888888885,7.720000000000058e-05,-0.0020178888888888885,4.071875567901233e-06,-4.5088749048588745
2025-06-08,22752,0.0021100000000000003,5.367368421052633e-07,0.0027003333333333332,0.002971599999999999,-0.0005903333333333329,3.484934444444439e-07,-0.8057802215789273
2025-06-08,86868,0.0049250000000000006,4.853552631578946e-06,0.013644888888888889,0.005687599999999999,-0.008719888888888888,7.603646223456788e-05,-3.9580482066777307
2025-06-08,17830,0.0044021052631578956,1.1134175438596495e-06,-0.0005991111111111112,0.0054368,0.005001216374269007,2.501216522225643e-05,4.739653732733845
2025-06-08,89071,-0.0023950000000000004,7.2910263157894745e-06,0.007438999999999999,-0.009695,-0.009833999999999999,9.670755599999998e-05,-3.641965865876116
2025-06-08,88352,-0.0017550000000000003,8.40471052631579e-06,0.007486555555555555,-0.008923700000000001,-0.009241555555555555,8.540634908641974e-05,-3.1877459198854576
2025-06-22,86580,0.007715000000000001,1.2876578947368428e-06,0.0079989,0.0093339,-0.0002838999999999984,8.059920999999909e-08,-0.2501872336413918
2025-06-22,10107,0.003615789473684211,7.380701754385967e-07,0.0022431,0.0038469999999999997,0.001372689473684211,1.8842763911634364e-06,1.5978038937904813
2025-06-22,14593,0.008037500000000001,1.7249671052631579e-06,-0.0010862999999999997,0.0083641,0.009123800000000001,8.324372644000002e-05,6.946808833808078
2025-06-22,84788,0.00518,5.364210526315789e-07,0.0012617,0.005127700000000001,0.0039182999999999996,1.5353074889999997e-05,5.349889071734718
2025-06-22,13407,0.00286,1.9477894736842104e-06,-0.0020247,0.0034283999999999994,0.0048847000000000005,2.3860294090000005e-05,3.499990688139982
2025-06-22,93002,0.008435000000000002,1.2171315789473688e-06,0.0030016,0.0095845,0.005433400000000001,2.9521835560000015e-05,4.9249623316458395
2025-06-22,90319,0.00408,2.511157894736842e-06,0.0030838000000000003,0.0037089999999999996,0.0009962,9.9241444e-07,0.6286508787854509
2025-06-22,93436,0.0009250000000000001,6.76934210526316e-06,0.0049397,-0.0013911000000000006,-0.0040146999999999995,1.6117816089999996e-05,-1.543049530015411
2025-06-22,14542,0.0038900000000000002,2.2756842105263164e-06,0.0029947999999999997,0.003862,0.0008952000000000005,8.013830400000009e-07,0.593422590935445
2025-06-22,47896,0.007640000000000001,8.720000000000004e-07,-0.0015178000000000001,0.0082663,0.0091578,8.386530084000002e-05,9.806926313356103
2025-06-22,55976,0.003485,3.0239473684210525e-07,-0.003358,0.0034302,0.006843,4.6826649000000004e-05,12.443983482597162
2025-06-22,50876,0.001225,1.5388157894736839e-06,-0.0009730000000000002,-0.00045410000000000036,0.0021980000000000003,4.831204000000001e-06,1.7718802654453882
2025-06-22,10104,0.009250000000000003,7.223684210526316e-06,0.003751199999999999,0.0122202,0.005498800000000004,3.0236801440000047e-05,2.0459195292805252
2025-06-22,83443,0.0011350000000000002,2.46028947368421e-06,-0.0023141000000000004,1.5999999999999867e-05,0.0034491000000000005,1.1896290810000004e-05,2.1989364679543573
2025-06-22,92611,0.0053700000000000015,1.224315789473684e-06,-0.0027259000000000003,0.0053714999999999995,0.008095900000000001,6.554359681000003e-05,7.31675326330866
2025-06-22,89393,0.005325000000000002,6.35657894736842e-07,-0.006797699999999999,0.0060972,0.0121227,0.00014695985529,15.205042389151341
2025-06-22,91233,0.0052355,1.4674155263157897e-06,-0.0027788,0.005618000000000001,0.0080143,6.422900449e-05,6.615901648887156
2025-06-22,11850,0.0026650000000000003,2.835026315789474e-06,-0.0039017999999999995,-0.0007376999999999998,0.006566799999999999,4.312286223999999e-05,3.900095506325627
2025-06-22,87055,0.0012950000000000001,6.341842105263158e-07,-0.0036810000000000002,0.0012839,0.004976,2.4760576000000002e-05,6.248455182335073
2025-06-22,18163,0.001631578947368421,1.4511695906432751e-06,-0.0028937999999999998,0.0017881000000000001,0.004525378947368421,2.0479054617285316e-05,3.756607900730377
2025-06-22,22111,0.0028899999999999998,5.198947368421052e-07,0.0050157,0.0034744000000000003,-0.0021257,4.518600489999999e-06,-2.948113924989938
2025-06-22,66181,0.006225000000000001,5.293421052631576e-07,-0.0032929,0.0069212,0.009517900000000001,9.059042041000002e-05,13.081963028464079
2025-06-22,59408,0.007135,2.2329210526315795e-06,-0.0032440999999999998,0.0082981,0.010379099999999999,0.00010772571680999998,6.945811805960674
2025-06-22,13721,0.001925,2.527236842105263e-06,0.0009614999999999999,0.0021105,0.0009635000000000002,9.283322500000003e-07,0.6060783169069934
2025-06-22,11308,0.002495,1.0383947368421056e-06,-0.0020854999999999997,0.0030864,0.0045804999999999995,2.0980980249999995e-05,4.49502020657786
2025-06-22,19788,0.000568421052631579,3.527836257309942e-06,0.013576900000000003,-0.0033501000000000004,-0.013008478947368424,0.00016922052452412748,-6.925837678794169
2025-06-22,92655,0.0014550000000000001,3.4573421052631584e-06,-0.0086353,0.0007706999999999998,0.0100903,0.00010181415409,5.426663607793217
2025-06-22,92602,0.000895,2.1847105263157894e-06,-5.499999999999603e-06,-0.0012211000000000004,0.0009004999999999996,8.109002499999993e-07,0.6092376953108943
2025-06-22,76076,0.005785,1.645e-07,-0.0018882,0.005862200000000001,0.0076732,5.887799824e-05,18.918799167634525
2025-06-22,38703,0.009650000000000002,1.6489473684210525e-06,-0.0034092,0.0112891,0.013059200000000002,0.00017054270464000006,10.169817890186922
2025-06-22,91937,0.007415000000000001,1.202394736842106e-06,-0.005734499999999999,0.0086586,0.0131495,0.00017290935025,11.991836708069908
2025-06-22,12490,0.0026950000000000003,1.4920789473684215e-06,-0.0020848,0.0031528,0.004779800000000001,2.2846488040000005e-05,3.9130358209860363
2025-06-22,12060,0.0038950000000000005,2.3468157894736842e-06,0.0066704,0.0047167,-0.0027753999999999995,7.702845159999997e-06,-1.8116991609804858
2025-06-22,90215,0.004335000000000001,8.718684210526317e-07,-0.0035654999999999992,0.0048396,0.007900500000000001,6.241790025000002e-05,8.461144333542512
2025-06-22,14541,0.0013250000000000002,2.359868421052632e-06,0.0012436,0.00020090000000000055,8.140000000000014e-05,6.625960000000022e-09,0.05298836394087629
2025-06-22,20482,0.0016499999999999998,1.4489473684210523e-06,-0.0074737,0.0016470000000000002,0.0091237,8.324190169000001e-05,7.579572150770752
2025-06-22,69032,0.007535000000000002,9.192368421052634e-07,-0.0022661,0.0084539,0.009801100000000002,9.606156121000004e-05,10.222593917959227
2025-06-22,59176,0.009220000000000002,1.3332631578947375e-06,-0.006182999999999999,0.010496700000000001,0.015403000000000002,0.00023725240900000004,13.339740344909401
2025-06-22,61241,0.0055473684210526324,5.8481871345029244e-06,0.0133665,0.008816199999999998,-0.007819131578947367,6.113881864889196e-05,-3.2333140608619937
2025-06-22,18143,0.0033250000000000003,7.061842105263159e-07,-0.0022188,0.0036488,0.0055438,3.0733718439999995e-05,6.597031421644347
2025-06-22,26403,0.0053750000000000004,4.20921052631579e-07,-0.0020488000000000004,0.0055399,0.007423800000000001,5.511280644000002e-05,11.442632219797016
2025-06-22,86868,0.010950000000000001,1.3131578947368413e-06,-0.0020775000000000004,0.013155699999999998,0.013027500000000001,0.00016971575625,11.368485372701976
2025-06-22,78975,0.00321,3.283157894736843e-07,-0.0034548,0.0034096999999999995,0.0066648,4.4419559040000005e-05,11.631647618292387
2025-06-22,13447,0.0056684210526315795,2.5522807017543865e-06,-0.007893699999999998,0.006287999999999999,0.013562121052631578,0.00018393112744623266,8.489134179829287
2025-06-22,43449,0.001475,1.8419736842105266e-06,0.0010453,0.0015959000000000001,0.0004296999999999999,1.846420899999999e-07,0.3166092821305973
2025-06-22,89071,0.00124,4.566736842105264e-06,-0.006976900000000001,-0.00016240000000000056,0.008216900000000001,6.751744561000001e-05,3.8450767106667536
2025-06-22,66093,0.00236,1.1204210526315787e-06,-0.0040987,0.0025873,0.0064587,4.171480569000001e-05,6.101751016657307
2025-06-22,22752,0.0023526315789473688,1.3437426900584798e-06,-0.0010945000000000002,0.0021401999999999997,0.003447131578947369,1.1882716122576182e-05,2.9737181505
2025-06-22,15579,0.007670000000000001,1.3148421052631588e-06,0.0003174999999999999,0.0086116,0.0073525000000000005,5.4059256250000005e-05,6.412069657204914
2025-06-22,18576,0.008345000000000002,6.840500000000001e-06,-0.0031938999999999995,0.011896000000000002,0.011538900000000001,0.00013314621321000003,4.411847437144639
2025-07-06,86580,0.006675000000000002,1.2967105263157892e-06,0.0009044000000000003,0.0079989,0.005770600000000002,3.3299824360000016e-05,5.067566461959075
2025-07-06,10107,0.002115789473684211,6.769590643274855e-07,0.0028222000000000004,0.0022431,-0.0007064105263157893,4.990158316897505e-07,-0.8585704919971884
2025-07-06,14593,0.000245,2.0471052631578951e-07,-0.0042019,-0.0010862999999999997,0.0044469,1.977491961e-05,9.828500767025456
2025-07-06,84788,0.00132,2.9052631578947384e-08,-0.004753,0.0012617,0.006073,3.6881329e-05,35.62956685704008
2025-07-06,13407,1.4999999999999999e-05,5.750263157894738e-07,0.006985099999999999,-0.0020247,-0.006970099999999999,4.8582294009999984e-05,-9.191685341589476
2025-07-06,93002,0.002850000000000001,8.226315789473685e-07,0.002048199999999999,0.0030016,0.0008018000000000018,6.42883240000003e-07,0.8840225908532198
2025-07-06,90319,0.0029950000000000003,1.068921052631579e-06,0.0022756,0.0030838000000000003,0.0007194000000000002,5.175363600000003e-07,0.6958211385090862
2025-07-06,93436,0.004025000000000001,1.7314473684210526e-06,-0.007997900000000002,0.0049397,0.012022900000000003,0.00014455012441000006,9.137020253207881
2025-07-06,14542,0.0028200000000000005,2.88e-07,0.002231600000000001,0.0029947999999999997,0.0005883999999999993,3.462145599999992e-07,1.0964186649673957
2025-07-06,47896,0.0001275,7.330197368421053e-07,-0.000597,-0.0015178000000000001,0.0007245,5.2490025e-07,0.8462146809750285
2025-07-06,55976,-0.00066,1.4256842105263156e-06,0.0035738,-0.003358,-0.004233799999999999,1.7925062439999994e-05,-3.545836193395818
2025-07-06,50876,0.00012000000000000002,7.385263157894737e-07,-0.0009055000000000001,-0.0009730000000000002,0.0010255000000000002,1.0516502500000004e-06,1.1933083434695624
2025-07-06,10104,0.002669500000000001,1.82439447368421e-06,-0.00028699999999999977,0.003751199999999999,0.002956500000000001,8.740892250000005e-06,2.1888626431798635
2025-07-06,83443,-0.0007800000000000001,1.103536842105263e-05,-0.00018089999999999995,-0.0023141000000000004,-0.0005991000000000002,3.589208100000002e-07,-0.1803457453895643
2025-07-06,92611,-0.00049,1.1546315789473686e-06,-0.0027713,-0.0027259000000000003,0.0022813,5.20432969e-06,2.1230522610146365
2025-07-06,89393,-0.0020700000000000002,5.2937894736842115e-06,-0.0041554,-0.006797699999999999,0.0020854,4.34889316e-06,0.9063710723588281
2025-07-06,91233,-0.00032,1.3437894736842105e-06,0.0013308000000000003,-0.0027788,-0.0016508000000000002,2.725140640000001e-06,-1.4240618197348196
2025-07-06,11850,-0.000863157894736842,3.5480116959064327e-06,0.0017662999999999997,-0.0039017999999999995,-0.002629457894736842,6.914048820193904e-06,-1.395962331498359
2025-07-06,87055,-0.0013999999999999998,1.9642105263157896e-06,0.0003300000000000001,-0.0036810000000000002,-0.0017299999999999998,2.9928999999999993e-06,-1.2343891225602086
2025-07-06,22111,0.0032800000000000004,2.064842105263158e-06,0.0022621,0.0050157,0.0010179000000000004,1.036120410000001e-06,0.7083724961785077
2025-07-06,18163,0.000295,1.4962894736842104e-06,-0.0028428000000000004,-0.0028937999999999998,0.0031378000000000005,9.845788840000003e-06,2.565177655874499
2025-07-06,66181,-0.0006200000000000001,2.352210526315789e-06,0.0039657,-0.0032929,-0.0045857,2.102864449e-05,-2.989974915945988
2025-07-06,59408,-0.00033000000000000005,2.6864210526315795e-06,-0.0034918000000000006,-0.0032440999999999998,0.0031618000000000006,9.996979240000004e-06,1.929067187716677
2025-07-06,19788,0.009157500000000002,8.78191447368421e-06,0.0006620999999999999,0.013576900000000003,0.008495400000000002,7.217182116000003e-05,2.866746101120688
2025-07-06,13721,0.0008975000000000001,1.943355263157895e-07,0.003225,0.0009614999999999999,-0.0023274999999999997,5.417256249999998e-06,-5.279752800467378
2025-07-06,11308,-0.00033,1.1643157894736841e-06,-0.0013702999999999999,-0.0020854999999999997,0.0010402999999999999,1.0822240899999997e-06,0.9641024909963074
2025-07-06,12060,0.005300000000000001,5.294736842105265e-07,0.0023577,0.0066704,0.002942300000000001,8.657129290000007e-06,4.043568101694561
2025-07-06,92602,0.00038,2.027368421052632e-07,-0.008753300000000002,-5.499999999999603e-06,0.009133300000000002,8.341716889000004e-05,20.28436348780508
2025-07-06,76076,-0.00043,7.506315789473685e-07,-0.0013665,-0.0018882,0.0009365,8.770322500000001e-07,1.0809220249045317
2025-07-06,12490,4.0000000000000044e-05,1.492e-06,-0.013016999999999997,-0.0020848,0.013056999999999997,0.00017048524899999993,10.689539404528388
2025-07-06,38703,-0.0006999999999999999,3.7568421052631587e-06,-0.0034703,-0.0034092,0.0027703,7.674562089999999e-06,1.4292734641530378
2025-07-06,14541,0.0010249999999999999,1.798684210526316e-07,0.0009794999999999997,0.0012436,4.5500000000000184e-05,2.070250000000017e-09,0.10728374754452949
2025-07-06,92655,-0.001985,9.756078947368423e-06,-0.0165038,-0.0086353,0.014518799999999998,0.00021079555343999994,4.648288443146644
2025-07-06,91937,-0.0017050000000000004,1.1846815789473685e-05,0.004546699999999999,-0.005734499999999999,-0.006251699999999999,3.908375288999999e-05,-1.8163406876248367
2025-07-06,61241,0.00819,1.5288315789473686e-05,0.0092298,0.0133665,-0.0010398000000000004,1.0811840400000009e-06,-0.2659316270483795
2025-07-06,90215,0.0006249999999999999,1.3093421052631582e-06,-0.004439899999999999,-0.0035654999999999992,0.005064899999999999,2.565321200999999e-05,4.426335290475424
2025-07-06,69032,-0.000475,1.0314473684210527e-06,-0.0004889000000000001,-0.0022661,1.3900000000000121e-05,1.9321000000000336e-10,0.013686464150073402
2025-07-06,26403,-0.00017999999999999993,2.060631578947369e-06,-0.0040133,-0.0020488000000000004,0.0038333,1.4694188889999999e-05,2.6703773372625346
2025-07-06,18143,-0.00027894736842105266,9.195321637426901e-07,-0.0011773,-0.0022188,0.0008983526315789474,8.0703745066482e-07,0.9368355919680078
2025-07-06,86868,-0.00022500000000000002,7.240789473684211e-07,0.00026060000000000005,-0.0020775000000000004,-0.0004856000000000001,2.358073600000001e-07,-0.5706708875150098
2025-07-06,59176,-0.001531578947368421,4.90672514619883e-06,-0.0044727,-0.006182999999999999,0.0029411210526315784,8.650193046232684e-06,1.3277522137548066
2025-07-06,20482,-0.00042499999999999987,3.488289473684211e-06,0.0029254000000000003,-0.0074737,-0.0033504000000000003,1.1225180160000003e-05,-1.7938676634775448
2025-07-06,43449,0.0009000000000000001,1.5473684210526317e-07,0.0019837,0.0010453,-0.0010837,1.1744056899999998e-06,-2.754940405172936
2025-07-06,78975,-0.000475,1.6609210526315784e-06,0.0031630000000000004,-0.0034548,-0.0036380000000000006,1.3235044000000005e-05,-2.822852589852801
2025-07-06,17830,0.0036199999999999995,1.0606315789473683e-06,0.0035927,0.0038992,2.7299999999999634e-05,7.4528999999998e-10,0.026508208036209648
2025-07-06,22752,-4.999999999999998e-05,2.7210526315789476e-07,-0.0006167999999999993,-0.0010945000000000002,0.0005667999999999992,3.2126223999999913e-07,1.0865791581493551
2025-07-06,13447,-0.0009,8.809473684210525e-06,-0.0049566,-0.007893699999999998,0.0040566000000000005,1.6456003560000005e-05,1.3667440913207691
2025-07-06,15579,0.00014250000000000002,5.598092105263158e-07,-0.0162012,0.0003174999999999999,0.0163437,0.00026711652969,21.843909174867562
2025-07-06,13856,0.003389473684210527,2.198771929824562e-06,-0.0026548999999999995,0.005948300000000001,0.006044373684210526,3.653445323437673e-05,4.076253775770878
2025-07-06,18542,0.00301,6.65157894736842e-07,0.0040111,0.0039892,-0.0010011,1.00220121e-06,-1.2274818701606285
2025-07-20,86580,0.000868421052631579,2.1339181286549706e-07,0.0038901000000000005,0.0009044000000000003,-0.0030216789473684214,9.13054366096953e-06,-6.541230337476253
2025-07-20,10107,0.0024200000000000003,2.1522105263157893e-06,-0.0006894999999999997,0.0028222000000000004,0.0031095,9.668990249999998e-06,2.1195720576270447
2025-07-20,14593,-0.001,3.4568421052631577e-06,0.0138836,-0.0042019,-0.0148836,0.00022152154896,-8.005126849752811
2025-07-20,84788,-0.00045499999999999995,5.965763157894738e-06,0.007453399999999999,-0.004753,-0.0079084,6.254279055999999e-05,-3.2378417859003563
2025-07-20,13407,0.00423,5.192736842105264e-06,0.0047417,0.006985099999999999,-0.0005116999999999995,2.618368899999995e-07,-0.22455217191210067
2025-07-20,93002,0.001755,1.798394736842105e-06,0.006125,0.002048199999999999,-0.004370000000000001,1.9096900000000007e-05,-3.2586590683736953
2025-07-20,90319,0.0012950000000000001,1.5657631578947365e-06,0.0076124,0.0022756,-0.0063174,3.9909542759999996e-05,-5.048650895184084
2025-07-20,14542,0.0028278947368421056,3.761778421052631e-05,0.0076715,0.002231600000000001,-0.004843605263157895,2.346051194529086e-05,-0.7897181819058767
2025-07-20,93436,-0.0014949999999999998,1.1683657894736842e-05,0.009003800000000001,-0.007997900000000002,-0.0104988,0.00011022480144000002,-3.071498068491649
2025-07-20,47896,9.5e-05,2.426052631578947e-07,0.0004444000000000002,-0.000597,-0.00034940000000000014,1.220803600000001e-07,-0.7093699570605183
2025-07-20,55976,0.00318,3.3326315789473686e-07,0.0018810999999999995,0.0035738,0.0012989000000000006,1.6871412100000016e-06,2.249997648275602
2025-07-20,50876,0.0002,1.1126315789473684e-06,-0.006803399999999997,-0.0009055000000000001,0.007003399999999996,4.904761155999995e-05,6.639467369154979
2025-07-20,10104,0.00045000000000000015,4.100000000000001e-07,0.0017584000000000007,-0.00028699999999999977,-0.0013084000000000006,1.7119105600000015e-06,-2.0433775005505224
2025-07-20,83443,-9.25e-05,4.937565789473685e-07,0.0010081999999999995,-0.00018089999999999995,-0.0011006999999999994,1.2115404899999986e-06,-1.5664355067050364
2025-07-20,92611,-0.00038,9.82736842105263e-07,0.0017436999999999997,-0.0027713,-0.0021236999999999996,4.5101016899999985e-06,-2.142271687627838
2025-07-20,91233,0.0010900000000000003,1.93578947368421e-07,0.0038853000000000004,0.0013308000000000003,-0.0027953,7.81370209e-06,-6.353299993079687
2025-07-20,89393,-0.0015799999999999998,2.6532631578947367e-06,0.006843500000000001,-0.0041554,-0.0084235,7.095535225e-05,-5.1713319579613035
2025-07-20,11850,0.0009250000000000001,7.651315789473684e-07,-0.0019466999999999991,0.0017662999999999997,0.002871699999999999,8.246660889999995e-06,3.283000922676919
2025-07-20,87055,0.001195,1.4562894736842107e-06,0.0020882000000000006,0.0003300000000000001,-0.0008932000000000005,7.978062400000008e-07,-0.7401587185949513
2025-07-20,22111,0.0017500000000000003,1.3947368421052635e-07,0.0054588,0.0022621,-0.0037087999999999995,1.3755197439999996e-05,-9.930869565376854
2025-07-20,66181,0.003345,3.205e-07,0.006760999999999999,0.0039657,-0.003415999999999999,1.1669055999999993e-05,-6.033979704676097
2025-07-20,18163,-0.00075,1.6005263157894737e-06,0.0024573,-0.0028428000000000004,-0.0032072999999999997,1.0286773289999999e-05,-2.535176349354849
2025-07-20,19788,0.00036500000000000004,2.059236842105264e-06,0.0144284,0.0006620999999999999,-0.014063399999999998,0.00019777921955999996,-9.80025056624896
2025-07-20,13721,0.0029750000000000006,6.051315789473683e-07,0.0057602999999999994,0.003225,-0.002785299999999999,7.757896089999993e-06,-3.580527968857196
2025-07-20,59408,-0.001335,7.247657894736842e-06,0.0028646000000000006,-0.0034918000000000006,-0.0041996,1.7636640160000003e-05,-1.5599442739898828
2025-07-20,14541,0.00058,1.4378947368421054e-07,0.0033781000000000006,0.0009794999999999997,-0.0027981000000000004,7.829363610000002e-06,-7.37903693989413
2025-07-20,11308,-0.00023499999999999997,5.655526315789474e-07,0.0015509999999999999,-0.0013702999999999999,-0.0017859999999999998,3.1897959999999994e-06,-2.3748978852925404
2025-07-20,12060,0.001685,4.234473684210527e-07,-0.00042869999999999985,0.0023577,0.0021137,4.46772769e-06,3.248206479109715
2025-07-20,61241,0.005355000000000001,5.442605263157894e-06,0.0039421,0.0092298,0.0014129000000000017,1.9962864100000045e-06,0.6056308737906627
2025-07-20,91937,0.0027100000000000006,2.724105263157895e-06,0.007161300000000001,0.004546699999999999,-0.0044513,1.981407169e-05,-2.696962590138175
2025-07-20,76076,-0.00037500000000000006,1.5798684210526315e-06,-0.0011201999999999996,-0.0013665,0.0007451999999999995,5.553230399999992e-07,0.5928739753062918
2025-07-20,92602,-0.002405,9.065763157894737e-06,0.0020102,-0.008753300000000002,-0.0044152,1.949399104e-05,-1.4663856317216337
2025-07-20,38703,-0.00033499999999999996,3.418184210526316e-06,-0.0001715999999999999,-0.0034703,-0.00016340000000000007,2.6699560000000023e-08,-0.08838006575303725
2025-07-20,90215,-0.001775,3.1788157894736845e-06,-0.0031195,-0.004439899999999999,0.0013444999999999998,1.8076802499999994e-06,0.7540985848615674
2025-07-20,12490,-0.004085000000000001,9.897131578947369e-06,-0.0034149,-0.013016999999999997,-0.0006701000000000012,4.4903401000000157e-07,-0.21300262022301977
2025-07-20,69032,0.0003,7.7e-07,0.004001200000000001,-0.0004889000000000001,-0.003701200000000001,1.3698881440000006e-05,-4.2179088559241205
2025-07-20,20482,0.0023550000000000003,1.405e-07,0.0035347000000000004,0.0029254000000000003,-0.0011797,1.3916920900000003e-06,-3.14726576242926
2025-07-20,86868,-8.249999999999997e-05,2.156651315789473e-06,0.0030511,0.00026060000000000005,-0.0031336000000000003,9.819448960000001e-06,-2.1337994123954256
2025-07-20,78975,0.0025550000000000004,7.962894736842106e-07,-0.007707600000000002,0.0031630000000000004,0.010262600000000002,0.00010532095876000004,11.500637497119312
2025-07-20,43449,0.0015947368421052632,1.327485380116959e-07,0.0020574,0.0019837,-0.0004626631578947369,2.1405719767313022e-07,-1.2698430442070143
2025-07-20,92655,-0.0032,1.9404210526315794e-05,0.025529599999999996,-0.0165038,-0.028729599999999998,0.0008253899161599999,-6.522011953655052
2025-07-20,18143,-0.00023500000000000005,3.687105263157894e-07,0.0044271,-0.0011773,-0.0046621,2.173517641e-05,-7.677835738586773
2025-07-20,17830,0.003,3.5473684210526295e-07,-0.0013021,0.0035927,0.0043021,1.8508064409999998e-05,7.223161967696193
2025-07-20,26403,-0.001275,2.3840789473684214e-06,-0.0009050999999999998,-0.0040133,-0.00036990000000000026,1.368260100000002e-07,-0.23956535646847754
2025-07-20,59176,-0.0022400000000000007,3.7993684210526318e-06,0.0037917999999999993,-0.0044727,-0.0060318,3.6382611240000006e-05,-3.094505283843789
2025-07-20,18542,0.0026045000000000005,1.7068260526315789e-06,-0.004893,0.0040111,0.007497500000000001,5.621250625000001e-05,5.738809952698513
2025-07-20,22752,-2.6315789473684222e-05,3.753801169590643e-07,0.006114700000000001,-0.0006167999999999993,-0.006141015789473685,3.77120749265651e-05,-10.023158114547996
2025-07-20,66093,0.0031700000000000005,1.0056947368421048e-05,0.0040000999999999995,0.0030064000000000002,-0.000830099999999999,6.890660099999984e-07,-0.2617564097208616
2025-07-20,13856,-0.00052,1.5174736842105266e-06,0.007746500000000001,-0.0026548999999999995,-0.008266500000000001,6.833502225000002e-05,-6.7105958804686505
2025-07-20,13447,-0.001125,4.964078947368421e-06,-0.0051218,-0.0049566,0.0039968,1.597441024e-05,1.793878714833812
2025-08-03,86580,0.0034150000000000005,1.456078947368421e-06,-0.0033841999999999995,0.0038901000000000005,0.0067992,4.622912064e-05,5.634629372945928
2025-08-03,10107,0.00081,1.1504210526315788e-06,-0.0024336999999999996,-0.0006894999999999997,0.0032436999999999995,1.0521589689999997e-05,3.024212265619446
2025-08-03,14593,0.010445000000000001,8.748921052631577e-06,0.00027709999999999974,0.0138836,0.0101679,0.00010338619041000001,3.437589526805499
2025-08-03,84788,0.006300000000000002,2.9147368421052636e-06,-0.0007893999999999991,0.007453399999999999,0.007089400000000001,5.0259592360000015e-05,4.152501573529552
2025-08-03,13407,0.004540000000000001,3.83578947368421e-07,-0.006010800000000001,0.0047417,0.010550800000000003,0.00011131938064000005,17.03562255413068
2025-08-03,93002,0.0054,9.547368421052627e-07,-0.002761800000000001,0.006125,0.0081618,6.661497924000001e-05,8.353031276624614
2025-08-03,90319,0.008365000000000001,2.9826605263157904e-05,0.0044151,0.0076124,0.003949900000000001,1.5601710010000007e-05,0.7232429140839775
2025-08-03,14542,0.006915,1.9223947368421053e-06,0.0042068,0.0076715,0.0027082,7.3343472400000005e-06,1.9532572697299115
2025-08-03,93436,0.004760000000000001,7.478315789473685e-06,0.0013265999999999994,0.009003800000000001,0.003433400000000002,1.1788235560000013e-05,1.255516725681399
2025-08-03,47896,0.00092,1.2385263157894738e-06,0.0037206,0.0004444000000000002,-0.0028006000000000003,7.843360360000001e-06,-2.5165088676265595
2025-08-03,55976,0.0008600000000000002,1.515157894736842e-06,-0.0029365000000000003,0.0018810999999999995,0.0037965000000000004,1.4413412250000003e-05,3.0842846870959573
2025-08-03,10104,0.00132,7.827368421052631e-07,-0.0089522,0.0017584000000000007,0.0102722,0.00010551809284000001,11.610624470243899
2025-08-03,50876,0.00129,1.1908315789473687e-05,0.0045726000000000004,-0.006803399999999997,-0.0032826000000000005,1.0775462760000003e-05,-0.9512458907702938
2025-08-03,83443,0.001225,1.0514473684210528e-06,0.0052915,0.0010081999999999995,-0.004066500000000001,1.6536422250000006e-05,-3.9657652910423975
2025-08-03,92611,0.001581578947368421,6.881140350877192e-07,0.0021239,0.0017436999999999997,-0.0005423210526315791,2.94112124127424e-07,-0.6537719086901356
2025-08-03,89393,0.006140000000000001,4.0778947368421015e-07,-0.0024458,0.006843500000000001,0.008585800000000001,7.371596164000002e-05,13.44506054145334
2025-08-03,91233,0.0033105263157894743,6.365497076023393e-07,0.0023336,0.0038853000000000004,0.0009769263157894744,9.543850264819959e-07,1.2244629451990618
2025-08-03,11850,0.0002550000000000001,6.710263157894736e-07,0.007108399999999998,-0.0019466999999999991,-0.006853399999999998,4.6969091559999976e-05,-8.366355298903441
2025-08-03,87055,0.0016149999999999997,1.0781842105263158e-06,-0.0029271000000000006,0.0020882000000000006,0.0045421,2.0630672410000002e-05,4.374316549523906
2025-08-03,22111,0.0054150000000000005,2.4555263157894754e-07,0.001049,0.0054588,0.004366,1.9061956e-05,8.810720713175831
2025-08-03,19788,0.004990000000000001,2.1638842105263158e-05,-0.011694900000000001,0.0144284,0.016684900000000003,0.0002783858880100001,3.5867953586273433
2025-08-03,66181,0.005765000000000001,2.3455526315789473e-06,0.0019793999999999996,0.006760999999999999,0.0037856000000000014,1.433076736000001e-05,2.4717931918523295
2025-08-03,13721,0.005345,1.0120789473684208e-06,0.0018095,0.0057602999999999994,0.0035355,1.249976025e-05,3.514338951376988
2025-08-03,18163,0.002075,4.672368421052633e-07,0.0017656999999999998,0.0024573,0.0003093000000000002,9.566649000000013e-08,0.45249249454280754
2025-08-03,59408,0.0023950000000000004,1.5878684210526314e-06,0.0078535,0.0028646000000000006,-0.005458499999999999,2.9795222249999988e-05,-4.33177667834694
2025-08-03,14541,0.0033105263157894734,4.665497076023391e-07,0.0037217,0.0033781000000000006,-0.0004111736842105267,1.6906379858725794e-07,-0.6019720824485087
2025-08-03,11308,0.0016099999999999999,7.672631578947368e-07,-0.0012941000000000003,0.0015509999999999999,0.0029041,8.43379681e-06,3.315426422934735
2025-08-03,61241,0.00236,4.852e-06,-0.008437899999999998,0.0039421,0.0107979,0.00011659464440999999,4.902063187834974
2025-08-03,91937,0.0063,6.821052631578945e-07,-0.000651,0.007161300000000001,0.006951,4.831640099999999e-05,8.416307376819784
2025-08-03,12060,0.000495,1.4710263157894735e-06,0.0027613,-0.00042869999999999985,-0.0022662999999999997,5.136115689999999e-06,-1.8685605594136194
2025-08-03,92655,0.017650000000000006,2.8976315789473684e-05,0.0020089,0.025529599999999996,0.015641100000000005,0.00024464400921000014,2.905666120595662
2025-08-03,76076,1.5000000000000017e-05,1.8497631578947371e-06,0.004311199999999999,-0.0011201999999999996,-0.004296199999999999,1.8457334439999992e-05,-3.15883126705938
2025-08-03,92602,0.0016450000000000002,1.5047105263157898e-06,0.0006714999999999996,0.0020102,0.0009735000000000006,9.477022500000012e-07,0.7936142846510849
2025-08-03,38703,-3.500000000000013e-06,7.230871052631579e-07,0.006431799999999999,-0.0001715999999999999,-0.006435299999999999,4.141308608999999e-05,-7.567866967288278
2025-08-03,90215,0.0002349999999999999,3.898184210526315e-06,0.005616499999999999,-0.0031195,-0.005381499999999999,2.8960542249999992e-05,-2.7256630425534523
2025-08-03,69032,0.003175,8.788157894736841e-07,0.0040101,0.004001200000000001,-0.0008351000000000001,6.973920100000001e-07,-0.8908191778390996
2025-08-03,20482,0.0034050000000000005,3.85763157894737e-07,0.0007099000000000001,0.0035347000000000004,0.0026951000000000006,7.263564010000003e-06,4.3392483793526635
2025-08-03,18143,0.004302,3.099747368421055e-07,-0.0003604,0.0044271,0.004662400000000001,2.1737973760000004e-05,8.374258834815056
2025-08-03,86868,0.0027100000000000006,5.798947368421052e-07,0.0025901000000000006,0.0030511,0.00011990000000000004,1.437601000000001e-08,0.15745070136957684
2025-08-03,12490,-0.0005749999999999999,2.454605263157895e-06,0.0016034999999999995,-0.0034149,-0.0021784999999999994,4.745862249999997e-06,-1.3904863623113266
2025-08-03,43449,0.0022157894736842105,1.1791812865497074e-06,0.0014894,0.0020574,0.0007263894736842104,5.276416674792241e-07,0.6689278118537685
2025-08-03,59176,0.0034300000000000003,5.190526315789475e-07,0.008215,0.0037917999999999993,-0.004784999999999999,2.2896224999999994e-05,-6.641653945091051
2025-08-03,22752,0.005785000000000001,6.192368421052632e-07,-3.190000000000016e-05,0.006114700000000001,0.005816900000000002,3.383632561000002e-05,7.392021207130495
2025-08-03,26403,0.0005299999999999999,1.4527368421052632e-06,0.0026020000000000006,-0.0009050999999999998,-0.002072000000000001,4.293184000000004e-06,-1.7190807444381795
2025-08-03,66093,0.00366,9.751578947368424e-07,0.0015031000000000003,0.0040000999999999995,0.0021569,4.652217609999999e-06,2.1842006896669988
2025-08-03,17830,-0.00010526315789473682,5.92748538011696e-07,0.0029459000000000004,-0.0013021,-0.003051163157894737,9.309596616094185e-06,-3.963055788334715
2025-08-03,13856,0.007135000000000001,1.1750263157894737e-06,-0.0011252000000000002,0.007746500000000001,0.0082602,6.823090404000001e-05,7.620206952373339
2025-08-03,78975,-0.001142105263157895,1.1634795321637428e-05,-0.007026000000000002,-0.007707600000000002,0.005883894736842107,3.462021727423825e-05,1.7249857858386544
2025-08-03,18576,0.005985000000000002,6.034473684210524e-07,0.0013686,0.006523000000000001,0.004616400000000001,2.131114896000001e-05,5.942698998169453
2025-08-03,18542,-0.0005400000000000001,3.6730526315789477e-06,0.0029011,-0.004893,-0.0034411000000000003,1.1841169210000003e-05,-1.7954930065462322
2025-08-17,86580,-6.505213034913026e-20,3.5378947368421058e-06,0.002465222222222223,-0.0033841999999999995,-0.002465222222222223,6.0773206049382745e-06,-1.3106406098921741
2025-08-17,10107,-9e-05,1.4072631578947367e-06,0.0007612222222222222,-0.0024336999999999996,-0.0008512222222222222,7.245792716049382e-07,-0.7175551634125241
2025-08-17,14593,0.0008125000000000001,1.5152302631578949e-06,0.0011092222222222217,0.00027709999999999974,-0.00029672222222222166,8.804407716049349e-08,-0.24105200878512498
2025-08-17,84788,-0.00026000000000000003,1.583157894736842e-07,-0.00020333333333333314,-0.0007893999999999991,-5.666666666666689e-05,3.2111111111111363e-09,-0.14241821924380668
2025-08-17,13407,-0.0031849999999999995,2.4837131578947373e-05,0.0025664444444444445,-0.006010800000000001,-0.0057514444444444444,3.3079113197530864e-05,-1.154054211174111
2025-08-17,93002,-0.0006421052631578947,1.2436842105263157e-06,0.022304333333333332,-0.002761800000000001,-0.022946438596491227,0.0005265390442625423,-20.575965831781385
2025-08-17,90319,0.0037250000000000004,1.3472368421052631e-06,0.014261222222222224,0.0044151,-0.010536222222222223,0.00011101197871604939,-9.077430793120083
2025-08-17,14542,0.0034,6.847058823529412e-07,0.014195000000000001,0.0042068,-0.010795,0.00011653202500000001,-13.045797024987863
2025-08-17,93436,0.002425000000000001,1.3230394736842106e-05,0.019540000000000002,0.0013265999999999994,-0.017115000000000002,0.0002929232250000001,-4.705334499072054
2025-08-17,47896,0.003445,6.77342105263158e-07,0.002111333333333333,0.0037206,0.001333666666666667,1.7786667777777788e-06,1.620478450383435
2025-08-17,55976,0.0005947368421052631,3.086081871345029e-06,0.007318222222222222,-0.0029365000000000003,-0.006723485380116958,4.520525565664648e-05,-3.8272844700818114
2025-08-17,50876,0.0031550000000000003,6.478684210526316e-07,0.0034661111111111108,0.0045726000000000004,-0.00031111111111111053,9.679012345678976e-08,-0.3865201292080839
2025-08-17,83443,0.004557894736842105,6.559064327485382e-07,-0.0020188888888888886,0.0052915,0.006576783625730994,4.325408285968332e-05,8.120683956800006
2025-08-17,10104,-0.002015,1.1218184210526317e-05,0.034818444444444444,-0.0089522,-0.036833444444444446,0.0013567026296419755,-10.997172814628852
2025-08-17,92611,0.0015,2.4800000000000004e-06,-0.0039018888888888883,0.0021239,0.005401888888888888,2.918040356790123e-05,3.4302028746490336
2025-08-17,91233,0.0019800000000000004,1.658947368421053e-07,-0.002757888888888889,0.0023336,0.00473788888888889,2.2447591123456797e-05,11.632379642084784
2025-08-17,89393,-0.0006950000000000001,2.392078947368421e-06,-0.0016872222222222223,-0.0024458,0.0009922222222222222,9.84504938271605e-07,0.6415362408536212
2025-08-17,11850,0.006190000000000001,1.4146315789473684e-06,-0.001989666666666666,0.007108399999999998,0.008179666666666667,6.690694677777777e-05,6.877236058253648
2025-08-17,22111,0.0009200000000000001,1.0905263157894735e-07,0.0005777777777777778,0.001049,0.0003422222222222224,1.1711604938271616e-07,1.0363110571994985
2025-08-17,87055,-0.000555,1.3215526315789476e-06,0.0029156666666666667,-0.0029271000000000006,-0.0034706666666666666,1.2045527111111111e-05,-3.019052552280535
2025-08-17,66181,0.00127,3.4642105263157895e-07,0.004957444444444443,0.0019793999999999996,-0.003687444444444443,1.3597246530864186e-05,-6.2650327761455
2025-08-17,59408,0.00591,3.712526315789474e-06,0.0003186666666666666,0.0078535,0.005591333333333334,3.1263008444444446e-05,2.901887779410146
2025-08-17,13721,0.0015210526315789475,1.0286549707602341e-07,0.004225444444444444,0.0018095,-0.0027043918128654967,7.313735077493928e-06,-8.432080576313878
2025-08-17,18163,0.0014842105263157895,2.4584795321637434e-07,0.0006299999999999999,0.0017656999999999998,0.0008542105263157896,7.296756232686982e-07,1.722787136605385
2025-08-17,19788,-0.0035750000000000005,2.7726184210526324e-05,0.010270222222222224,-0.011694900000000001,-0.013845222222222224,0.0001916901783827161,-2.6293892231772302
2025-08-17,14541,0.00334,4.3831578947368416e-07,-0.002345111111111112,0.0037217,0.005685111111111112,3.232048834567902e-05,8.587077831706685
2025-08-17,11308,-0.00019999999999999996,3.5157894736842097e-07,-0.0032172222222222224,-0.0012941000000000003,0.0030172222222222224,9.103629938271606e-06,5.088571332668804
2025-08-17,12060,0.0024850000000000002,1.081342105263158e-06,0.002671888888888889,0.0027613,-0.00018688888888888878,3.4927456790123416e-08,-0.17972228230528217
2025-08-17,91937,3.0999999999999995e-05,3.139568421052632e-07,-0.004507444444444444,-0.000651,0.004538444444444444,2.0597477975308638e-05,8.0997580752661
2025-08-17,92655,0.0018850000000000006,1.9186842105263158e-07,0.014772111111111113,0.0020089,-0.012887111111111111,0.00016607763279012346,-29.42075558885435
2025-08-17,76076,0.0036899999999999997,5.914736842105265e-07,-0.004130555555555556,0.004311199999999999,0.007820555555555556,6.116108919753088e-05,10.16880436428317
2025-08-17,61241,-0.002565,8.912921052631578e-06,-0.002426888888888888,-0.008437899999999998,-0.00013811111111111185,1.9074679012345883e-08,-0.04626138058521038
2025-08-17,38703,0.005415000000000001,2.1139736842105252e-06,-0.0008448888888888885,0.006431799999999999,0.0062598888888888895,3.9186208901234575e-05,4.30543301084212
2025-08-17,92602,0.000669,8.006210526315788e-08,-0.0006034444444444446,0.0006714999999999996,0.0012724444444444445,1.619114864197531e-06,4.4970252595359685
2025-08-17,90215,0.004985000000000001,9.118684210526315e-07,-0.0057038888888888886,0.005616499999999999,0.01068888888888889,0.00011425234567901237,11.19351471821601
2025-08-17,69032,0.003305,3.426052631578946e-07,0.004363777777777777,0.0040101,-0.001058777777777777,1.1210103827160477e-06,-1.808871858636916
2025-08-17,20482,0.0008500000000000001,9.331578947368424e-07,0.0009627777777777777,0.0007099000000000001,-0.00011277777777777762,1.271882716049379e-08,-0.1167470634394551
2025-08-17,59176,0.006895000000000001,1.2310263157894735e-06,-0.0019282222222222224,0.008215,0.008823222222222224,7.784925038271607e-05,7.952314531617976
2025-08-17,12490,0.0010631578947368418,8.245614035087718e-08,0.004543777777777777,0.0016034999999999995,-0.003480619883040935,1.2114714770219893e-05,-12.121185444295755
2025-08-17,86868,0.0020150000000000003,2.192368421052631e-07,0.005215111111111111,0.0025901000000000006,-0.003200111111111111,1.024071112345679e-05,-6.834524250088369
2025-08-17,18143,5.4999999999999995e-05,1.7523684210526315e-07,0.0012655555555555556,-0.0003604,-0.0012105555555555556,1.46544475308642e-06,-2.8918250539333346
2025-08-17,43449,0.0013050000000000002,2.626052631578947e-07,-0.0022531111111111107,0.0014894,0.003558111111111111,1.2660154679012345e-05,6.943329778998601
2025-08-17,26403,0.00203,2.4010526315789474e-07,-0.0022462222222222224,0.0026020000000000006,0.004276222222222223,1.8286076493827166e-05,8.726888477795704
2025-08-17,17830,0.0021850000000000003,2.1607894736842104e-07,-0.0018513333333333329,0.0029459000000000004,0.004036333333333333,1.6291986777777773e-05,8.683219843539774
2025-08-17,22752,0.0001475,9.933552631578947e-08,-0.0016527777777777773,-3.190000000000016e-05,0.0018002777777777774,3.2410000771604926e-06,5.711987154515859
2025-08-17,66093,0.0011789473684210528,7.619883040935671e-08,0.0011364444444444445,0.0015031000000000003,4.250292397660837e-05,1.8064985465613503e-09,0.15397302976748323
2025-08-17,13856,-0.0001,2.568421052631579e-07,-0.002724888888888889,-0.0011252000000000002,0.0026248888888888893,6.890041679012347e-06,5.179380459762954
2025-08-17,18542,0.0016150000000000001,2.7845e-06,0.0033113333333333337,0.0029011,-0.0016963333333333335,2.8775467777777784e-06,-1.0165706927432576
2025-08-17,18576,0.0016769999999999997,4.928685263157892e-06,0.002627666666666666,0.0013686,-0.0009506666666666665,9.037671111111108e-07,-0.42821583552127107
2025-08-17,13447,0.009200000000000002,0.00045902315789473697,0.0015060000000000004,0.0058519999999999996,0.007694000000000001,5.9197636000000016e-05,0.35911610643480907
2025-08-31,86580,0.00039500000000000006,7.647105263157897e-07,0.00043629999999999917,-0.001105899999999999,-4.1299999999999107e-05,1.705689999999926e-09,-0.04722821346119133
2025-08-31,10107,0.0018250000000000002,4.426184210526316e-06,0.00034990000000000005,0.00010629999999999979,0.0014751000000000002,2.1759200100000006e-06,0.7011431908050646
2025-08-31,14593,0.0015555555555555557,3.2167320261437906e-06,0.008918200000000001,0.0008176999999999993,-0.0073626444444444454,5.420853321530866e-05,-4.105125007684755
2025-08-31,84788,0.000125,3.061842105263158e-07,-0.0036467000000000005,-0.001305600000000001,0.0037717000000000007,1.4225720890000004e-05,6.816253697354239
2025-08-31,93002,0.009940000000000001,1.8614105263157892e-05,-0.0070195,0.016425699999999998,0.016959500000000002,0.0002876246402500001,3.9308996898531485
2025-08-31,13407,0.0007849999999999999,3.4660526315789475e-07,-0.0014451000000000004,0.0006576,0.0022301000000000005,4.973346010000002e-06,3.7879720088548567
2025-08-31,90319,0.009050000000000002,6.0500000000000005e-06,0.0024890999999999997,0.013435200000000003,0.006560900000000003,4.3045408810000045e-05,2.6673851624687956
2025-08-31,14542,0.008314500000000002,1.2747889210526317e-05,0.002500300000000001,0.013321700000000002,0.005814200000000002,3.3804921640000026e-05,1.6284364940438563
2025-08-31,93436,0.015160000000000002,0.0004104751578947368,0.0110864,0.014085799999999999,0.004073600000000002,1.6594216960000015e-05,0.20106428909889942
2025-08-31,47896,0.0018850000000000002,1.4213421052631585e-06,0.0029521,0.0020165,-0.0010670999999999999,1.1387024099999996e-06,-0.8950675432306107
2025-08-31,55976,0.006165000000000001,1.461342105263158e-06,-0.00030369999999999996,0.007491599999999999,0.006468700000000001,4.184407969000001e-05,5.351075288102253
2025-08-31,10104,0.0052450000000000005,5.192786842105264e-05,-0.0023526999999999984,0.025432,0.007597699999999999,5.772504528999998e-05,1.054342937645428
2025-08-31,50876,0.0029700000000000004,3.916842105263158e-07,-0.004040800000000001,0.0032042,0.007010800000000001,4.915131664000002e-05,11.20210258894864
2025-08-31,83443,0.00038,7.016842105263158e-07,0.0012772000000000003,-0.0011928000000000002,-0.0008972000000000002,8.049678400000005e-07,-1.0710713754877121
2025-08-31,92611,0.00037,1.1116842105263158e-06,-0.0005338999999999998,-0.0029629,0.0009038999999999998,8.170352099999997e-07,0.8572937700584573
2025-08-31,91233,0.000445,1.9931315789473687e-06,-0.0025882999999999995,-0.0016674999999999995,0.0030332999999999996,9.200908889999998e-06,2.148559475067178
2025-08-31,89393,-0.0007700000000000001,1.6980000000000003e-06,0.0019193999999999995,-0.0034025,-0.0026893999999999998,7.232872359999999e-06,-2.06389005126205
2025-08-31,11850,0.000525,1.0103947368421052e-06,0.0044797000000000005,-0.0009613999999999996,-0.0039547,1.5639652090000003e-05,-3.9343048318886895
2025-08-31,87055,0.0019900000000000004,4.514736842105264e-07,-0.005450399999999999,0.0024505000000000004,0.0074404,5.535955216e-05,11.073376429274674
2025-08-31,22111,0.0011849999999999999,1.9186842105263164e-07,0.0009703999999999997,0.0015002999999999998,0.00021460000000000012,4.605316000000005e-08,0.4899231561621717
2025-08-31,66181,0.003245,1.2173421052631576e-06,-0.003011,0.0042948,0.006255999999999999,3.9137535999999994e-05,5.670096082114127
2025-08-31,19788,0.007355000000000002,4.097342105263159e-06,0.0037484000000000003,0.0083515,0.003606600000000002,1.3007563560000013e-05,1.7817504002675277
2025-08-31,13721,0.004241,2.5931989473684213e-06,0.0010738999999999998,0.0049957000000000005,0.0031671,1.003052241e-05,1.966725994497651
2025-08-31,59408,0.0007874999999999998,6.578618421052634e-07,0.0031983999999999997,0.0007819000000000003,-0.0024108999999999997,5.812438809999999e-06,-2.97243145566688
2025-08-31,18163,0.00116,1.9831578947368419e-07,-0.0034235000000000003,0.0014599999999999997,0.004583500000000001,2.1008472250000006e-05,10.292445809964782
2025-08-31,14541,0.00041999999999999996,1.9722105263157893e-06,0.0019656,-0.0013072000000000003,-0.0015456,2.38887936e-06,-1.1005771019340043
2025-08-31,92655,0.011350000000000002,5.818421052631579e-06,-0.0016837999999999998,0.0158024,0.013033800000000002,0.00016987994244000004,5.403416935222382
2025-08-31,12060,0.00177,3.18e-07,0.004734599999999999,0.002114800000000001,-0.0029645999999999995,8.788853159999997e-06,-5.25717633515064
2025-08-31,11308,-0.00035999999999999997,1.137263157894737e-06,-0.0012329,-0.0019739,0.0008729000000000001,7.619544100000002e-07,0.818528882320075
2025-08-31,91937,-0.0005150000000000002,1.6434473684210528e-06,-0.0017572,-0.003134800000000001,0.0012421999999999997,1.5430608399999993e-06,0.968977348407977
2025-08-31,76076,-0.0010750000000000002,3.5377631578947373e-06,0.0010645000000000003,-0.0042071999999999995,-0.0021395000000000008,4.577460250000004e-06,-1.1374908539320387
2025-08-31,38703,0.00010500000000000002,4.2892105263157896e-07,0.0043017,-0.0005164000000000004,-0.0041967,1.761229089e-05,-6.407951902672845
2025-08-31,92602,0.0008400000000000001,7.362105263157896e-07,-0.0006233000000000001,0.0002773000000000001,0.0014633000000000003,2.141246890000001e-06,1.7054239640621913
2025-08-31,61241,-0.00033499999999999996,5.039236842105264e-06,0.0006013999999999999,-0.0057137,-0.0009363999999999998,8.768449599999996e-07,-0.4171372942501179
2025-08-31,69032,0.00347,4.790526315789473e-07,0.0023875999999999993,0.004127199999999999,0.0010824000000000007,1.1715897600000015e-06,1.563853867507742
2025-08-31,86868,0.00368421052631579,4.753625730994153e-06,0.0028755,0.0044314,0.0008087105263157898,6.540127153739617e-07,0.37092030085214767
2025-08-31,12490,0.0028333333333333335,3.3764705882352935e-07,0.0116987,0.0031778000000000006,-0.008865366666666666,7.859472613444443e-05,-15.25686196383602
2025-08-31,20482,0.0016950000000000003,1.1102631578947368e-07,-8.620000000000021e-05,0.0018485,0.0017812000000000006,3.172673440000002e-06,5.345640173068089
2025-08-31,90215,-0.0013736842105263158,3.543157894736842e-06,0.0005298999999999998,-0.004457699999999999,-0.0019035842105263156,3.623632846565096e-06,-1.0112926263281115
2025-08-31,59176,0.00017500000000000003,5.809210526315789e-07,0.0049640000000000005,-0.00042339999999999983,-0.004789000000000001,2.2934521000000006e-05,-6.283278057539542
2025-08-31,18143,0.0008289473684210527,9.475877192982456e-07,-0.0015536000000000002,0.0003384000000000001,0.002382547368421053,5.676531962770084e-06,2.4475514617444576
2025-08-31,43449,0.00016000000000000004,7.172631578947366e-07,-2.750000000000027e-05,-0.0016050000000000005,0.0001875000000000003,3.5156250000000113e-08,0.221392044094051
2025-08-31,66093,0.0018421052631578953,3.947953216374269e-07,-0.0043232,0.0022322,0.006165305263157896,3.801098898792245e-05,9.812249573699173
2025-08-31,17830,-0.0005263157894736841,1.6164912280701755e-06,0.0047367,-0.0029483999999999995,-0.005263015789473684,2.7699335200249302e-05,-4.139501047392195
2025-08-31,26403,0.00015500000000000003,7.615526315789475e-07,-0.0021433999999999993,-0.0013926000000000001,0.0022983999999999995,5.282642559999998e-06,2.633756687710236
2025-08-31,22752,0.0006099999999999999,8.430526315789475e-07,-0.004212,-0.00039389999999999944,0.004822,2.3251684e-05,5.251699425879469
2025-08-31,18542,0.000565,1.9613421052631582e-06,0.007753100000000001,-0.0006688000000000009,-0.007188100000000001,5.166878161000002e-05,-5.132600175792346
2025-08-31,18576,0.001075,1.873552631578947e-06,0.0029326000000000005,6.190000000000015e-05,-0.0018576000000000005,3.4506777600000018e-06,-1.3571231334635705
2025-08-31,13856,0.000145,1.089973684210526e-06,-0.0021311,-0.0013161999999999998,0.0022761,5.18063121e-06,2.180134725366516
2025-08-31,13447,-7.749999999999996e-05,8.589598684210526e-06,0.0008821999999999999,0.0001557000000000003,-0.0009596999999999999,9.210240899999998e-07,-0.32745306363084764
2025-09-14,86580,0.0014250000000000003,5.68828947368421e-06,0.0029821000000000005,0.00043629999999999917,-0.0015571000000000003,2.424560410000001e-06,-0.6528684174137891
2025-09-14,10107,0.000755,8.847105263157893e-07,-3.739999999999959e-05,0.00034990000000000005,0.0007923999999999996,6.278977599999994e-07,0.8424494858816356
2025-09-14,14593,0.006180000000000001,5.117473684210526e-06,-0.0039901,0.008918200000000001,0.010170100000000001,0.00010343093401000003,4.495700945688907
2025-09-14,84788,-0.00104,2.3804210526315794e-06,-0.0013880000000000003,-0.0036467000000000005,0.00034800000000000044,1.2110400000000031e-07,0.2255549448921392
2025-09-14,13407,-0.0004,7.621052631578948e-07,-0.0051335,-0.0014451000000000004,0.0047335,2.2406022249999998e-05,5.422192113618712
2025-09-14,93002,-0.00172,5.276421052631579e-06,-0.0027446,-0.0070195,0.0010245999999999999,1.0498051599999998e-06,0.44605111498024375
2025-09-14,93436,0.008560000000000002,5.986736842105263e-06,-0.0057147,0.0110864,0.014274700000000001,0.00020376706009000005,5.834073625939289
2025-09-14,90319,0.0016150000000000001,2.8344736842105266e-07,-0.0040497,0.0024890999999999997,0.0056647,3.2088826089999996e-05,10.639977268633622
2025-09-14,14542,0.00144,8.52e-07,-0.0039215,0.002500300000000001,0.0053615,2.8745682249999998e-05,5.808533693946255
2025-09-14,47896,0.0027875,8.312499999999996e-08,-0.0043935,0.0029521,0.007181,5.1566760999999996e-05,24.906866764610825
2025-09-14,55976,0.00035,2.6263157894736847e-07,-0.0012711,-0.00030369999999999996,0.0016211,2.6279652100000003e-06,3.1632705162090446
2025-09-14,10104,-0.00020999999999999998,1.193578947368421e-06,0.0036252999999999993,-0.0023526999999999984,-0.0038352999999999994,1.4709526089999995e-05,-3.510538703303049
2025-09-14,50876,-0.0014449999999999999,2.6552368421052634e-06,0.014522000000000002,-0.004040800000000001,-0.015967000000000002,0.00025494508900000004,-9.79877290407698
2025-09-14,83443,0.001445,7.194473684210526e-07,-0.0021783,0.0012772000000000003,0.0036233000000000003,1.3128302890000003e-05,4.271739688933096
2025-09-14,92611,0.000245,2.3313157894736845e-07,0.0018908000000000002,-0.0005338999999999998,-0.0016458000000000002,2.7086576400000005e-06,-3.4086036558233612
2025-09-14,89393,0.001695,2.468157894736842e-07,0.0008792000000000003,0.0019193999999999995,0.0008157999999999996,6.655296399999992e-07,1.6420910398819162
2025-09-14,91233,-0.00109675,1.6696323026315793e-06,-0.0011905999999999996,-0.0025882999999999995,9.384999999999949e-05,8.807822499999904e-09,0.07263130672379145
2025-09-14,11850,0.0037425000000000006,1.0487565789473683e-06,-0.005607100000000001,0.0044797000000000005,0.009349600000000001,8.741502016000003e-05,9.129682656521316
2025-09-14,22111,0.001441,1.2565673684210528e-06,0.005989,0.0009703999999999997,-0.004548,2.0684304e-05,-4.057210748021789
2025-09-14,66181,-0.000365,1.876078947368421e-06,-0.0086894,-0.003011,0.0083244,6.929563535999998e-05,6.077533837974464
2025-09-14,87055,-0.0020894736842105265,3.0732163742690058e-06,0.0015898000000000002,-0.005450399999999999,-0.0036792736842105266,1.3537054843324102e-05,-2.0987732728103348
2025-09-14,19788,0.002115,2.3834473684210527e-06,-0.0006360000000000005,0.0037484000000000003,0.002751000000000001,7.568001000000005e-06,1.7819183791453113
2025-09-14,13721,0.0008700000000000001,5.074736842105264e-07,0.0046898999999999995,0.0010738999999999998,-0.0038198999999999993,1.4591636009999994e-05,-5.362227439646611
2025-09-14,59408,0.003245,3.8471052631578914e-07,-0.0069996,0.0031983999999999997,0.0102446,0.00010495182916,16.516878394899436
2025-09-14,18163,-0.0005549999999999999,1.971026315789474e-06,-0.0018275,-0.0034235000000000003,0.0012725,1.61925625e-06,0.9063826416313595
2025-09-14,14541,0.00177,3.569473684210527e-07,-0.007220699999999999,0.0019656,0.008990699999999999,8.083268648999998e-05,15.048437684648418
2025-09-14,12060,0.002757,3.695085263157895e-06,-0.0009843,0.004734599999999999,0.0037413,1.3997325689999999e-05,1.9463023270746378
2025-09-14,92655,0.00027,8.643157894736841e-07,0.003108699999999999,-0.0016837999999999998,-0.002838699999999999,8.058217689999995e-06,-3.053396998495708
2025-09-14,11308,-0.00022,5.985263157894738e-07,0.002098,-0.0012329,-0.002318,5.373124000000001e-06,-2.9962069467135097
2025-09-14,38703,0.003255,1.622605263157895e-06,-0.0089657,0.0043017,0.012220700000000001,0.00014934550849000003,9.593777516281126
2025-09-14,91937,-0.0005736842105263157,9.364912280701755e-07,-0.0036374999999999997,-0.0017572,0.003063815789473684,9.386967191828254e-06,3.165999143952723
2025-09-14,76076,0.0011200000000000001,9.648421052631581e-07,0.0017516999999999995,0.0010645000000000003,-0.0006316999999999994,3.990448899999992e-07,-0.6431062837759878
2025-09-14,12490,0.008650000000000001,4.796315789473685e-06,-0.002188,0.0116987,0.010838,0.00011746224400000001,4.948747120001157
2025-09-14,61241,0.00064,4.909473684210526e-07,0.033386000000000006,0.0006013999999999999,-0.032746000000000004,0.0010723005160000003,-46.73484312778196
2025-09-14,92602,0.00041000000000000005,2.2305263157894735e-07,-0.0016790999999999998,-0.0006233000000000001,0.0020891,4.36433881e-06,4.423393275245223
2025-09-14,69032,0.002065,1.1502631578947369e-07,-0.005202999999999999,0.0023875999999999993,0.007267999999999999,5.282382399999999e-05,21.429710974918503
2025-09-14,86868,0.0025200000000000005,8.694736842105263e-08,-0.004801100000000001,0.0028755,0.007321100000000001,5.359850521000002e-05,24.828364810161972
2025-09-14,59176,0.00372,2.0564210526315796e-06,-0.007376200000000001,0.0049640000000000005,0.0110962,0.00012312565444000002,7.737813452255635
2025-09-14,90215,0.0007105263157894736,4.04327485380117e-07,-0.0005629000000000004,0.0005298999999999998,0.001273426315789474,1.6216145817451532e-06,2.002659836316323
2025-09-14,20482,-0.0006000000000000001,1.6822105263157897e-05,-0.0007137,-8.620000000000021e-05,0.00011369999999999989,1.2927689999999976e-08,0.027721727590275615
2025-09-14,18143,-0.00099,6.068315789473685e-06,-0.0043883,-0.0015536000000000002,0.0033983000000000004,1.1548442890000002e-05,1.3795188178230815
2025-09-14,17830,0.003875000000000001,9.88289473684211e-07,-0.003371500000000001,0.0047367,0.007246500000000001,5.2511762250000016e-05,7.28930649850386
2025-09-14,18542,0.0042450000000000005,6.579447368421052e-06,0.005470400000000002,0.007753100000000001,-0.0012254000000000015,1.5016051600000036e-06,-0.4777307181827743
2025-09-14,43449,0.0005526315789473685,2.992982456140351e-07,-0.0027012,-2.750000000000027e-05,0.0032538315789473683,1.0587419944155124e-05,5.947616863503547
2025-09-14,20894,0.002705,1.2994473684210528e-06,-0.014291900000000001,0.0032013,0.016996900000000002,0.00028889460961000006,14.910437007682237
2025-09-14,18576,0.002765,1.8908157894736843e-06,-0.0050412,0.0029326000000000005,0.0078062,6.093675844e-05,5.676949930587537
2025-09-14,26403,-0.00021099999999999998,7.868410526315789e-07,-0.0038069000000000006,-0.0021433999999999993,0.003595900000000001,1.2930496810000006e-05,4.053816633936181
2025-09-14,66093,-0.001545,2.3731315789473684e-06,-0.0077825,-0.0043232,0.0062375,3.890640625e-05,4.0490174588871355
2025-09-14,22752,-0.00113,2.5474736842105262e-06,0.009564600000000003,-0.004212,-0.010694600000000002,0.00011437446916000005,-6.70053827801591
2025-09-14,13447,0.0008157894736842105,7.473684210526315e-08,-0.0050913,0.0008821999999999999,0.005907089473684211,3.4893706050110805e-05,21.607582376643954
2025-09-28,86580,0.0019200000000000005,1.3553684210526313e-06,0.0018614000000000003,0.0029821000000000005,5.860000000000023e-05,3.4339600000000273e-09,0.050334868071460946
2025-09-28,10107,0.0009421052631578945,2.2592397660818716e-06,0.0024540000000000005,-3.739999999999959e-05,-0.001511894736842106,2.285825695290861e-06,-1.005866613408309
2025-09-28,14593,-0.00189,1.7462105263157895e-06,0.0070379,-0.0039901,-0.008927899999999999,7.970739840999998e-05,-6.756176959942025
2025-09-28,84788,-0.0003000000000000001,1.9799999999999997e-06,0.0036746,-0.0013880000000000003,-0.0039746,1.579744516e-05,-2.824625224090031
2025-09-28,13407,-0.001855,3.0941842105263163e-06,0.0046337,-0.0051335,-0.0064887,4.210322769e-05,-3.6887957814648114
2025-09-28,93002,-0.00115,2.2454210526315784e-05,0.009320799999999999,-0.0027446,-0.010470799999999999,0.00010963765263999998,-2.2096880612405734
2025-09-28,90319,-0.00093,3.150631578947368e-06,0.0095684,-0.0040497,-0.0104984,0.00011021640256,-5.914585374056645
2025-09-28,93436,-0.00021999999999999998,5.510105263157895e-06,0.0050911,-0.0057147,-0.0053111,2.820778321e-05,-2.2625830579334103
2025-09-28,14542,-0.00206,2.448842105263158e-06,0.009395900000000002,-0.0039215,-0.011455900000000001,0.00013123764481000002,-7.320636148702528
2025-09-28,10104,0.002475,7.967105263157894e-07,-0.0026892999999999995,0.0036252999999999993,0.0051643,2.6669994490000002e-05,5.785770267884241
2025-09-28,47896,-0.0018157894736842107,3.3358479532163747e-06,-1.5399999999999788e-05,-0.0043935,-0.001800389473684211,3.24140225695291e-06,-0.985742182094672
2025-09-28,55976,-0.000505,3.815526315789474e-07,0.004344800000000001,-0.0012711,-0.004849800000000001,2.3520560040000013e-05,-7.851390941385042
2025-09-28,50876,0.00927,1.806326315789474e-05,-0.0008821000000000002,0.014522000000000002,0.0101521,0.00010306513441000002,2.3886789503129657
2025-09-28,83443,-0.00046999999999999993,1.3158947368421053e-06,0.0006284,-0.0021783,-0.0010983999999999998,1.2064825599999996e-06,-0.9575246196982161
2025-09-28,92611,0.0012550000000000003,2.8681578947368416e-07,0.0011656999999999998,0.0018908000000000002,8.930000000000049e-05,7.974490000000088e-09,0.16674389072480478
2025-09-28,89393,0.0018894736842105264,6.913216374269007e-06,-0.010205700000000002,0.0008792000000000003,0.012095173684210528,0.00014629322645121886,4.60015043358416
2025-09-28,91233,-0.00016842105263157895,4.411695906432748e-07,0.0029365999999999997,-0.0011905999999999996,-0.0031050210526315787,9.641155737285316e-06,-4.674786319731734
2025-09-28,11850,-0.002173684210526316,5.6487134502923976e-06,0.004171199999999999,-0.005607100000000001,-0.006344884210526315,4.025755564498614e-05,-2.669616813072888
2025-09-28,22111,0.0052473684210526325,7.904093567251463e-07,-0.00015230000000000002,0.005989,0.005399668421052633,2.915641905731303e-05,6.0735282439438105
2025-09-28,87055,0.0012263157894736843,8.760233918128654e-08,0.00030529999999999967,0.0015898000000000002,0.0009210157894736846,8.482700844598346e-07,3.111782428558542
2025-09-28,13721,0.003295,9.183947368421054e-07,-0.0003489000000000002,0.0046898999999999995,0.0036439000000000003,1.3278007210000001e-05,3.8023470802544757
2025-09-28,19788,0.0012749999999999999,4.180921052631579e-06,0.0052647,-0.0006360000000000005,-0.0039897,1.5917706089999997e-05,-1.9512110970794148
2025-09-28,66181,-0.0035699999999999994,5.994842105263157e-06,0.0029144999999999996,-0.0086894,-0.006484499999999999,4.2048740249999984e-05,-2.6484246422254913
2025-09-28,59408,-0.0019470000000000002,1.046481157894737e-05,0.0079912,-0.0069996,-0.009938200000000001,9.876781924000003e-05,-3.0721472353861308
2025-09-28,18163,-0.0007649999999999998,9.52921052631579e-07,0.0025916999999999997,-0.0018275,-0.0033567,1.126743489e-05,-3.4386190723196095
2025-09-28,61241,0.008725,5.9723026315789483e-05,0.0171373,0.033386000000000006,-0.008412300000000001,7.076679129000002e-05,-1.0885386376643227
2025-09-28,92655,0.00196,2.17621052631579e-06,0.0022796,0.003108699999999999,-0.0003196000000000002,1.0214416000000011e-07,-0.21664881469729244
2025-09-28,12060,-0.000375,1.2503947368421048e-06,0.004281200000000001,-0.0009843,-0.004656200000000001,2.168019844000001e-05,-4.163974468978118
2025-09-28,14541,-0.0022849999999999997,9.229763157894736e-06,0.0044171,-0.007220699999999999,-0.0067021,4.4918144409999996e-05,-2.2060513898437146
2025-09-28,11308,0.0019950000000000002,4.415526315789474e-07,0.004014700000000001,0.002098,-0.002019700000000001,4.079188090000004e-06,-3.039454362052497
2025-09-28,76076,0.00114,4.709473684210527e-07,0.003927900000000001,0.0017516999999999995,-0.0027879000000000007,7.772386410000003e-06,-4.0624778365338825
2025-09-28,12490,-0.0009400000000000001,6.888421052631578e-07,0.0105073,-0.002188,-0.0114473,0.00013104067729,-13.792507279980203
2025-09-28,91937,-0.00048421052631578945,3.1380701754385958e-06,-0.004825499999999999,-0.0036374999999999997,0.00434128947368421,1.8846794294321324e-05,2.4506845878799224
2025-09-28,92602,0.00193,2.6127368421052625e-06,-0.0016441999999999997,-0.0016790999999999998,0.0035741999999999996,1.2774905639999998e-05,2.2112152243100303
2025-09-28,38703,-0.0038200000000000013,1.1509052631578948e-05,0.011153199999999999,-0.0089657,-0.014973199999999999,0.00022419671823999997,-4.413618969423885
2025-09-28,69032,-0.0010722222222222222,4.575065359477124e-06,0.0078336,-0.005202999999999999,-0.008905822222222222,7.931366945382716e-05,-4.163661072308228
2025-09-28,86868,-0.0023550000000000003,1.9994473684210526e-06,0.0027299000000000004,-0.004801100000000001,-0.005084900000000001,2.5856208010000007e-05,-3.5960641306299688
2025-09-28,20482,-5.2631578947368444e-05,2.9707602339181286e-07,-0.0038752999999999995,-0.0007137,0.003822668421052631,1.4612793857313016e-05,7.013468131271205
2025-09-28,18542,0.003025,1.680921052631579e-06,0.0067132,0.005470400000000002,-0.0036882,1.3602819239999999e-05,-2.844728378574469
2025-09-28,90215,0.0004425000000000001,6.624407894736843e-07,0.005701699999999999,-0.0005629000000000004,-0.005259199999999999,2.7659184639999986e-05,-6.461690518148126
2025-09-28,59176,-0.0035850000000000005,6.175026315789474e-06,0.012649299999999999,-0.007376200000000001,-0.0162343,0.00026355249649,-6.533022603943925
2025-09-28,22752,0.002715,1.615081578947369e-05,0.001774,0.009564600000000003,0.000941,8.85481e-07,0.2341490454003347
2025-09-28,43449,-0.0009150000000000002,9.234473684210528e-07,0.0029434999999999995,-0.0027012,-0.0038585,1.488802225e-05,-4.015248518973319
2025-09-28,18143,-0.002155,3.3436578947368422e-06,-0.0016911999999999997,-0.0043883,-0.0004638000000000001,2.1511044000000009e-07,-0.25364121572424814
2025-09-28,17830,-0.0020250000000000003,3.0082894736842115e-06,0.012829000000000002,-0.003371500000000001,-0.014854000000000003,0.00022064131600000008,-8.56413702929062
2025-09-28,13856,0.004775000000000001,4.499868421052632e-06,0.0010065,0.006839100000000001,0.0037685000000000006,1.4201592250000004e-05,1.7765139092164361
2025-09-28,53613,0.008040000000000002,1.3842526315789471e-05,0.019462,0.0153557,-0.011421999999999998,0.00013046208399999996,-3.0699724414819776
2025-09-28,62092,0.004841,1.6332146315789473e-05,0.008770000000000002,0.0128894,-0.003929000000000002,1.5437041000000014e-05,-0.9722107028318294
2025-09-28,26403,-0.0011684210526315788,1.1561169590643274e-05,0.0023214000000000004,-0.0038069000000000006,-0.0034898210526315794,1.2178850979390584e-05,-1.0263660363384106
2025-09-28,18576,-0.0017950000000000002,3.113131578947369e-06,0.0007938999999999998,-0.0050412,-0.0025889,6.702403209999999e-06,-1.4672919574162104
2025-10-12,86580,0.00238,1.871157894736841e-06,0.0014202999999999998,0.0018614000000000003,0.0009597000000000004,9.210240900000007e-07,0.7015849700790167
2025-10-12,10107,0.0023850000000000004,4.0344736842105273e-07,-0.0051348999999999995,0.0024540000000000005,0.0075198999999999995,5.6548896009999995e-05,11.839098172597788
2025-10-12,14593,0.00636,2.138315789473684e-06,0.0021587000000000004,0.0070379,0.0042013,1.765092169e-05,2.873080355353022
2025-10-12,84788,0.004065000000000001,1.962394736842106e-06,0.009264499999999998,0.0036746,-0.0051994999999999975,2.7034800249999973e-05,-3.711661801038356
2025-10-12,93002,0.007515000000000001,2.28871052631579e-06,-0.0010580999999999998,0.009320799999999999,0.0085731,7.349804361e-05,5.66685964123171
2025-10-12,13407,0.004565000000000001,8.449999999999993e-08,-0.0163748,0.0046337,0.0209398,0.00043847522404000006,72.0351019003848
2025-10-12,90319,0.008435000000000002,2.0476578947368427e-06,0.007233599999999998,0.0095684,0.0012014000000000035,1.4433619600000084e-06,0.8395738969482419
2025-10-12,93436,0.004260000000000002,1.2256842105263165e-06,-0.00030699999999999966,0.0050911,0.004567000000000002,2.0857489000000015e-05,4.125168719158678
2025-10-12,14542,0.00801,2.1683157894736837e-06,0.007308400000000001,0.009395900000000002,0.0007015999999999984,4.922425599999977e-07,0.4764620491455062
2025-10-12,55976,0.0035800000000000007,1.637473684210526e-06,-0.0033909999999999995,0.004344800000000001,0.006971,4.8594840999999996e-05,5.4476339547138535
2025-10-12,47896,0.0011449999999999998,1.4415526315789478e-06,0.004506100000000001,-1.5399999999999788e-05,-0.003361100000000001,1.1296993210000006e-05,-2.7994078895417687
2025-10-12,10104,0.0006200000000000001,1.3658947368421054e-06,-0.0164811,-0.0026892999999999995,0.017101099999999998,0.00029244762120999993,14.63239548567224
2025-10-12,50876,0.00059,8.78842105263158e-07,0.0115386,-0.0008821000000000002,-0.0109486,0.00011987184195999999,-11.678932853045197
2025-10-12,83443,0.0008550000000000001,4.62605263157895e-07,0.0014693,0.0006284,-0.0006142999999999999,3.773644899999999e-07,-0.9031819102491522
2025-10-12,92611,0.0009299999999999997,3.801052631578948e-07,-0.0032815000000000006,0.0011656999999999998,0.0042115,1.773673225e-05,6.831009093290869
2025-10-12,91233,0.0029200000000000003,1.5406315789473683e-06,-0.0038051999999999995,0.0029365999999999997,0.0067252,4.5228315039999996e-05,5.418209663776863
2025-10-12,11850,0.004209999999999999,1.7147368421052634e-07,0.0016303000000000001,0.004171199999999999,0.002579699999999999,6.654852089999995e-06,6.229747782289359
2025-10-12,89393,-0.002075,1.2553552631578948e-05,0.0008807000000000002,-0.010205700000000002,-0.0029557000000000003,8.736162490000002e-06,-0.8342131427500847
2025-10-12,22111,0.0006925000000000001,5.100723684210527e-07,-0.0019944999999999997,-0.00015230000000000002,0.0026869999999999997,7.219968999999999e-06,3.762285663219579
2025-10-12,19788,0.00556,1.0962105263157894e-06,-0.0028263000000000003,0.0052647,0.0083863,7.033002768999999e-05,8.009832055051143
2025-10-12,87055,0.000781,6.091147368421053e-07,-0.0008188000000000003,0.00030529999999999967,0.0015998000000000002,2.5593600400000007e-06,2.0498219483639315
2025-10-12,61241,0.010725000000000002,1.2670394736842103e-05,-0.007434499999999999,0.0171373,0.018159500000000002,0.0003297674402500001,5.101628309844561
2025-10-12,13721,0.00025,1.0057894736842106e-06,-0.00377,-0.0003489000000000002,0.00402,1.6160400000000002e-05,4.008413443739276
2025-10-12,59408,0.0070950000000000015,1.3815526315789473e-06,0.0012376000000000006,0.0079912,0.0058574000000000005,3.4309134760000007e-05,4.983347420839812
2025-10-12,66181,0.0025368421052631577,9.513450292397659e-07,-0.0040406,0.0029144999999999996,0.006577442105263158,4.326274464808864e-05,6.7435410795997655
2025-10-12,18163,0.0023850000000000004,9.613421052631583e-07,-0.003640499999999999,0.0025916999999999997,0.0060255,3.630665025e-05,6.145455931263701
2025-10-12,92655,0.0021650000000000007,3.6344736842105264e-07,-0.010992700000000001,0.0022796,0.013157700000000001,0.00017312506929000003,21.825249432277207
2025-10-12,12060,0.003710526315789474,8.798830409356728e-07,0.0011916999999999997,0.004281200000000001,0.0025188263157894745,6.344486009113577e-06,2.6852563264990548
2025-10-12,14541,0.00395,2.622631578947369e-06,-0.00026200000000000024,0.0044171,0.0042120000000000005,1.7740944000000005e-05,2.600876432655154
2025-10-12,11308,0.0033900000000000007,2.4199999999999997e-07,0.0012779000000000002,0.004014700000000001,0.0021121000000000004,4.460966410000002e-06,4.293453795706643
2025-10-12,12490,0.008400000000000001,5.936842105263157e-06,-0.0002531999999999996,0.0105073,0.008653200000000002,7.487787024000002e-05,3.5513951091474745
2025-10-12,76076,0.0036300000000000004,1.0431578947368427e-07,0.0007516000000000003,0.003927900000000001,0.0028784,8.28518656e-06,8.912019362753812
2025-10-12,38703,0.009055000000000002,3.6920789473684226e-06,0.00011490000000000007,0.011153199999999999,0.008940100000000003,7.992538801000006e-05,4.652719674762276
2025-10-12,69032,0.0070950000000000015,1.5773421052631582e-06,-0.0002854,0.0078336,0.007380400000000001,5.447030416000002e-05,5.87647579920275
2025-10-12,59176,0.009305,2.541552631578947e-06,0.0030502999999999997,0.012649299999999999,0.006254700000000001,3.912127209000001e-05,3.9233488903871625
2025-10-12,53613,0.01365,1.742368421052632e-05,0.0090686,0.019462,0.004581400000000001,2.098922596000001e-05,1.097559860602647
2025-10-12,92602,-0.00030500000000000004,1.3710263157894738e-06,-0.0025721,-0.0016441999999999997,0.0022670999999999998,5.139742409999999e-06,1.9361891474617974
2025-10-12,18542,0.0065065,2.6504950263157888e-05,0.0082512,0.0067132,-0.0017447,3.0439780900000003e-06,-0.33888883766772415
2025-10-12,91937,-0.0007650000000000001,3.4097631578947366e-06,-0.0048890999999999995,-0.004825499999999999,0.0041240999999999995,1.7008200809999997e-05,2.2334029241334767
2025-10-12,90215,0.004760000000000001,3.6583157894736843e-06,-0.0058217,0.005701699999999999,0.010581700000000001,0.00011197237489000003,5.5324162593963
2025-10-12,17830,0.008635,5.6645000000000006e-06,-0.0009131000000000002,0.012829000000000002,0.0095481,9.116621361000001e-05,4.011771310698355
2025-10-12,86868,0.002785,8.897631578947368e-07,0.0003339,0.0027299000000000004,0.0024511000000000003,6.0078912100000015e-06,2.5985065771205806
2025-10-12,20482,-0.000315,3.431868421052631e-06,-0.00034230000000000024,-0.0038752999999999995,2.730000000000023e-05,7.452900000000125e-10,0.014736601265522894
2025-10-12,22752,0.00178,2.895368421052631e-06,-0.0012670000000000001,0.001774,0.0030470000000000002,9.284209000000001e-06,1.7906905327731693
2025-10-12,43449,0.0023450000000000007,1.0573421052631577e-06,-0.0019316000000000008,0.0029434999999999995,0.004276600000000002,1.8289307560000018e-05,4.159018652904249
2025-10-12,62092,0.00746,2.303578947368422e-06,3.139999999999983e-05,0.008770000000000002,0.0074286,5.5184097959999994e-05,4.894467212616263
2025-10-12,18143,-3.499999999999998e-05,1.2718684210526314e-06,-0.005784900000000001,-0.0016911999999999997,0.0057499000000000005,3.306135001000001e-05,5.098462149040628
2025-10-12,13856,0.00117,1.5706315789473687e-06,-0.0057564999999999995,0.0010065,0.0069264999999999995,4.7976402249999995e-05,5.526837250146954
2025-10-12,26403,0.001715,8.992368421052634e-07,-0.0008147,0.0023214000000000004,0.0025297,6.399382090000001e-06,2.6676692015158405
2025-10-12,18576,0.0008,5.8e-07,-0.0019859999999999995,0.0007938999999999998,0.0027859999999999994,7.761795999999996e-06,3.6581972194718695
2025-10-26,86580,0.0004700000000000001,8.872736842105263e-06,-0.0046112,0.0014202999999999998,0.0050812,2.581859344e-05,1.705836838336468
2025-10-26,14593,0.0014600000000000001,4.5515789473684205e-07,0.0012820999999999998,0.0021587000000000004,0.00017790000000000037,3.164841000000013e-08,0.263690757668763
2025-10-26,10107,-0.00179,4.182e-06,-0.004799499999999999,-0.0051348999999999995,0.003009499999999999,9.057090249999995e-06,1.4716425405298263
2025-10-26,84788,0.006385,4.290815789473685e-06,-0.009981799999999999,0.009264499999999998,0.0163668,0.00026787214224000005,7.901214287578355
2025-10-26,93002,0.0015263157894736847,2.6175380116959077e-05,-0.0024015999999999994,-0.0010580999999999998,0.003927915789473684,1.5428522449196676e-05,0.7677426542062654
2025-10-26,90319,0.0053750000000000004,1.5956578947368424e-06,0.0075011999999999995,0.007233599999999998,-0.002126199999999999,4.5207264399999966e-06,-1.6831941813895215
2025-10-26,14542,0.00527,5.10115789473684e-06,0.0071674,0.007308400000000001,-0.0018973999999999996,3.6001267599999984e-06,-0.8400874813562472
2025-10-26,93436,-5.499999999999997e-05,2.7162894736842107e-06,-0.008989800000000001,-0.00030699999999999966,0.008934800000000001,7.983065104000003e-05,5.421217233297834
2025-10-26,13407,-0.002875,1.2101973684210524e-05,-0.0044375,-0.0163748,0.0015624999999999997,2.4414062499999988e-06,0.4491505376715276
2025-10-26,50876,0.007955000000000002,9.535236842105264e-06,0.014016500000000001,0.0115386,-0.006061499999999999,3.674178224999999e-05,-1.9629731854475854
2025-10-26,47896,0.003765,1.2150263157894735e-06,-0.0051689,0.004506100000000001,0.0089339,7.981456921e-05,8.104910899494456
2025-10-26,55976,-0.00037,2.0295789473684208e-06,0.002865,-0.0033909999999999995,-0.003235,1.0465225e-05,-2.270760391718986
2025-10-26,10104,-0.00386,1.400778947368421e-05,-0.0179011,-0.0164811,0.014041099999999999,0.00019715248920999998,3.7515982912292696
2025-10-26,83443,0.0019200000000000005,2.7216842105263156e-06,0.0010354000000000001,0.0014693,0.0008846000000000004,7.825171600000007e-07,0.5362015537845268
2025-10-26,92611,-0.0011388888888888892,1.662516339869281e-06,-0.0021652999999999993,-0.0032815000000000006,0.0010264111111111102,1.0535197690123438e-06,0.796046401565387
2025-10-26,11850,0.001833684210526316,1.0862245614035086e-06,0.0007982,0.0016303000000000001,0.001035484210526316,1.0722275502493077e-06,0.9935361454467646
2025-10-26,91233,-0.0020050000000000007,5.026815789473685e-06,-0.0020325,-0.0038051999999999995,2.7499999999999313e-05,7.562499999999622e-10,0.012265526879605379
2025-10-26,89393,0.0007150000000000001,5.1868421052631574e-08,-0.005321200000000001,0.0008807000000000002,0.006036200000000001,3.6435710440000014e-05,26.50404176140901
2025-10-26,22111,-0.00049,1.0325263157894738e-06,0.008956,-0.0019944999999999997,-0.009446,8.922691599999999e-05,-9.296027003771426
2025-10-26,87055,-0.000139,5.85577894736842e-07,-0.002565799999999999,-0.0008188000000000003,0.0024267999999999994,5.889358239999997e-06,3.1713315583294195
2025-10-26,19788,0.0008549999999999999,1.668892105263158e-05,-0.0129978,-0.0028263000000000003,0.0138528,0.00019190006784,3.390965990131303
2025-10-26,59408,0.00111,2.1147368421052628e-07,-0.0030458000000000004,0.0012376000000000006,0.0041558,1.7270673640000002e-05,9.037045585912008
2025-10-26,13721,-0.0005263157894736841,2.04093567251462e-06,0.0076858,-0.00377,-0.008212115789473683,6.743884573972298e-05,-5.74831297576203
2025-10-26,61241,1.0000000000000004e-05,4.666515789473684e-05,-0.012523600000000001,-0.007434499999999999,0.0125336,0.00015709112896,1.8347608330534968
2025-10-26,66181,-0.0005250000000000001,2.9830263157894736e-06,-0.007506299999999999,-0.0040406,0.0069812999999999984,4.873854968999998e-05,4.042106561306556
2025-10-26,18163,-0.0005600000000000001,2.3046315789473686e-06,0.0027041,-0.003640499999999999,-0.0032641000000000002,1.0654348810000001e-05,-2.1501200114257317
2025-10-26,12060,0.0011450000000000002,1.8155263157894739e-07,-0.0065454000000000016,0.0011916999999999997,0.007690400000000002,5.9142252160000024e-05,18.048771848880335
2025-10-26,14541,9.249999999999999e-05,1.4270394736842103e-07,-0.0021307999999999995,-0.00026200000000000024,0.0022232999999999997,4.943062889999998e-06,5.885455424629383
2025-10-26,11308,0.001205,1.099736842105263e-07,0.003394,0.0012779000000000002,-0.002189,4.791721e-06,-6.600872958141507
2025-10-26,92655,-0.0017749999999999999,1.3816710526315789e-05,-0.0010898000000000006,-0.010992700000000001,-0.0006851999999999993,4.694990399999991e-07,-0.1843380652198297
2025-10-26,12490,0.0013925,1.750691447368421e-05,-0.0022424,-0.0002531999999999996,0.0036349,1.321249801e-05,0.8687356870762544
2025-10-26,76076,0.00069,1.3989473684210525e-07,0.0070918000000000005,0.0007516000000000003,-0.006401800000000001,4.098304324000001e-05,-17.115965968383158
2025-10-26,38703,0.00014250000000000002,3.0401973684210527e-07,-0.0034008000000000003,0.00011490000000000007,0.0035433,1.2554974890000001e-05,6.426241387844517
2025-10-26,53613,0.006365000000000001,4.438184210526316e-06,-0.012404999999999998,0.0090686,0.01877,0.00035231289999999995,8.909669832827358
2025-10-26,18542,0.005140000000000001,4.869894736842106e-06,-0.0021794,0.0082512,0.007319400000000002,5.357361636000003e-05,3.316772582039929
2025-10-26,69032,4.5000000000000016e-05,1.468157894736842e-07,-0.0024637999999999995,-0.0002854,0.0025087999999999994,6.294077439999997e-06,6.547562589198595
2025-10-26,59176,0.0026000000000000003,5.073684210526316e-07,-0.004145199999999997,0.0030502999999999997,0.006745199999999998,4.549772303999997e-05,9.469632276508001
2025-10-26,92602,0.0035000000000000005,1.3710526315789478e-05,0.0012502999999999998,-0.0025721,0.0022497000000000007,5.061150090000003e-06,0.6075717115561763
2025-10-26,86868,0.0004499999999999999,1.152631578947368e-07,-0.0013563,0.0003339,0.0018062999999999998,3.2627196899999993e-06,5.320404167621979
2025-10-26,17830,-0.00016999999999999999,6.706315789473684e-07,-0.0037555000000000006,-0.0009131000000000002,0.0035855000000000006,1.2855810250000005e-05,4.37832228947066
2025-10-26,91937,-0.001475,3.3061842105263174e-06,0.0012563999999999997,-0.0048890999999999995,-0.0027313999999999997,7.460545959999998e-06,-1.5021793284250324
2025-10-26,90215,-0.001095,3.1310263157894745e-06,-0.0053365,-0.0058217,0.0042415000000000005,1.7990322250000005e-05,2.3970445874942867
2025-10-26,20482,0.00046,6.656842105263158e-07,0.0015113000000000001,-0.00034230000000000024,-0.0010513000000000002,1.1052316900000004e-06,-1.2885240721351905
2025-10-26,62092,0.0008750000000000001,3.3914473684210534e-06,0.0026918,3.139999999999983e-05,-0.0018167999999999997,3.3007622399999988e-06,-0.9865397311240554
2025-10-26,22752,-5.5000000000000016e-05,5.394473684210526e-07,0.012746000000000002,-0.0012670000000000001,-0.012801000000000002,0.00016386560100000003,-17.42887512103922
2025-10-26,43449,-0.0007400000000000002,5.151578947368422e-07,0.0032355999999999995,-0.0019316000000000008,-0.003975599999999999,1.5805395359999993e-05,-5.539014500310922
2025-10-26,48486,0.003810000000000001,1.6956842105263158e-06,-0.010344599999999999,0.005358800000000001,0.0141546,0.00020035270115999998,10.86988909135701
2025-10-26,26403,8.250000000000001e-05,4.671776315789473e-07,-0.0055888000000000005,-0.0008147,0.005671300000000001,3.216364369000001e-05,8.297391858205676
2025-10-26,88352,0.0027750000000000006,2.2682894736842114e-06,0.0004712999999999997,0.0025341000000000005,0.002303700000000001,5.3070336900000044e-06,1.529595804155701
2025-10-26,18143,-0.0004157894736842106,6.924736842105264e-06,-0.0018220999999999997,-0.005784900000000001,0.0014063105263157892,1.977709296426592e-06,0.5344161704586985
2025-11-09,86580,0.0012736842105263158,0.00019106426900584796,0.0023181111111111115,-0.0046112,-0.0010444269005847957,1.0908275506651629e-06,-0.07555936693380498
2025-11-09,14593,0.0014899999999999998,1.8809473684210528e-06,0.0029939999999999997,0.0012820999999999998,-0.001504,2.2620159999999997e-06,-1.0966284647002882
2025-11-09,10107,-0.00272,3.082736842105263e-06,0.002646777777777778,-0.004799499999999999,-0.005366777777777778,2.880230371604938e-05,-3.056647702181809
2025-11-09,84788,-0.004260000000000002,1.0067789473684211e-05,0.004445,-0.009981799999999999,-0.008705000000000001,7.577702500000001e-05,-2.743479457836236
2025-11-09,90319,0.0059900000000000005,3.1072631578947374e-06,0.008002333333333335,0.0075011999999999995,-0.0020123333333333347,4.04948544444445e-06,-1.141591964715793
2025-11-09,14542,0.006145000000000002,3.5331315789473688e-06,0.008290888888888888,0.0071674,-0.0021458888888888855,4.604839123456776e-06,-1.1416351327245147
2025-11-09,93002,-0.00059,2.5693684210526317e-06,0.016112444444444443,-0.0024015999999999994,-0.016702444444444443,0.00027897165041975303,-10.419979026994536
2025-11-09,93436,-0.004010000000000001,7.44936842105263e-06,0.017193111111111114,-0.008989800000000001,-0.021203111111111117,0.0004495719207901237,-7.768548159685296
2025-11-09,13407,-0.0022650000000000005,2.536078947368421e-06,0.014158555555555554,-0.0044375,-0.016423555555555556,0.0002697331770864198,-10.313018563091084
2025-11-09,50876,0.010735000000000003,2.8076578947368426e-06,-0.005132555555555555,0.014016500000000001,0.01586755555555556,0.00025177931930864207,9.46973733443918
2025-11-09,55976,0.0014947368421052633,1.464970760233918e-06,0.009984444444444445,0.002865,-0.008489707602339181,7.207513517321568e-05,-7.014201768165262
2025-11-09,47896,-0.001,1.2421052631578949e-05,0.006247222222222221,-0.0051689,-0.007247222222222221,5.2522229938271585e-05,-2.056327944097051
2025-11-09,83443,0.0008750000000000001,1.4197368421052632e-07,8.133333333333338e-05,0.0010354000000000001,0.0007936666666666667,6.299067777777779e-07,2.106367835822573
2025-11-09,10104,-0.007214999999999999,3.5144499999999995e-05,0.010298,-0.0179011,-0.017513,0.00030670516900000003,-2.9541453737731413
2025-11-09,92611,-0.000415,2.2445000000000003e-06,0.001134777777777778,-0.0021652999999999993,-0.001549777777777778,2.4018111604938277e-06,-1.0344502869043803
2025-11-09,11850,0.0011100000000000003,3.1198947368421065e-06,-0.00045822222222222233,0.0007982,0.0015682222222222226,2.459320938271606e-06,0.8878459806139574
2025-11-09,22111,0.0077800000000000005,1.6216842105263162e-06,-0.00035500000000000006,0.008956,0.008135,6.6178225e-05,6.388139819877297
2025-11-09,91233,-0.00019999999999999996,1.6757894736842105e-06,0.0011152222222222219,-0.0020325,-0.0013152222222222217,1.7298094938271592e-06,-1.015989943249339
2025-11-09,89393,-0.000965,7.4560789473684225e-06,-0.004127222222222222,-0.005321200000000001,0.003162222222222222,9.99964938271605e-06,1.158076202721346
2025-11-09,13721,0.005540000000000001,1.0372631578947369e-06,-0.004778000000000001,0.0076858,0.010318,0.00010646112400000002,10.130970417455108
2025-11-09,87055,-0.0008736842105263158,1.962046783625731e-06,-0.0004516666666666673,-0.002565799999999999,-0.0004220175438596485,1.7809880732533035e-07,-0.30128383186250274
2025-11-09,59408,-0.0011826315789473685,2.0559538011695903e-06,0.005651777777777777,-0.0030458000000000004,-0.006834409356725146,4.6709151255292216e-05,-4.766441994049311
2025-11-09,19788,-0.004115000000000001,1.1017131578947368e-05,0.01806211111111111,-0.0129978,-0.02217711111111111,0.0004918242572345678,-6.681449714915876
2025-11-09,18163,0.0019300000000000005,8.611578947368422e-07,-0.005571777777777777,0.0027041,0.007501777777777777,5.627666982716049e-05,8.083934786526344
2025-11-09,66181,-0.0009000000000000001,7.027368421052631e-06,0.004477333333333333,-0.007506299999999999,-0.005377333333333333,2.8915713777777772e-05,-2.0284793795606375
2025-11-09,61241,-0.003535000000000001,1.0592921052631577e-05,0.007882777777777778,-0.012523600000000001,-0.01141777777777778,0.0001303656493827161,-3.508114166194029
2025-11-09,11308,0.0029300000000000003,1.0674736842105264e-06,-0.0037726666666666664,0.003394,0.006702666666666667,4.492574044444445e-05,6.487375451955274
2025-11-09,14541,-0.0004226315789473685,1.5459538011695903e-06,6.266666666666632e-05,-0.0021307999999999995,-0.0004852982456140348,2.3551438719606004e-07,-0.3903107075243375
2025-11-09,12060,-0.0024149999999999996,5.149763157894738e-06,-0.001209333333333333,-0.0065454000000000016,-0.0012056666666666665,1.4536321111111107e-06,-0.5312924276460834
2025-11-09,76076,0.005555000000000001,1.1394473684210524e-06,0.0027273333333333333,0.0070918000000000005,0.0028276666666666676,7.995698777777783e-06,2.6489946270492934
2025-11-09,92655,0.0007200000000000002,9.08e-07,0.0039332222222222225,-0.0010898000000000006,-0.0032132222222222223,1.0324797049382717e-05,-3.372079752994234
2025-11-09,12490,0.0011450000000000002,1.2963657894736843e-05,0.003932444444444444,-0.0022424,-0.002787444444444444,7.769846530864195e-06,-0.7741808768378652
2025-11-09,38703,-0.0005849999999999999,1.616078947368421e-06,0.008743,-0.0034008000000000003,-0.009328000000000001,8.701158400000002e-05,-7.337654369536181
2025-11-09,18542,-0.0009736842105263159,1.042046783625731e-06,0.010269999999999998,-0.0021794,-0.011243684210526314,0.00012642043462603874,-11.01450617693039
2025-11-09,69032,-0.00046499999999999997,3.888710526315789e-06,0.012321222222222221,-0.0024637999999999995,-0.012786222222222221,0.00016348747871604936,-6.483946761526418
2025-11-09,22752,0.009650000000000002,3.885789473684212e-06,0.0024742222222222223,0.012746000000000002,0.00717577777777778,5.1491786716049414e-05,3.640234380789278
2025-11-09,59176,-0.0008500000000000001,5.547894736842106e-06,0.005428666666666668,-0.004145199999999997,-0.006278666666666668,3.9421655111111125e-05,-2.665651196465014
2025-11-09,92602,0.0009631578947368421,9.245614035087719e-08,-0.005254111111111111,0.0012502999999999998,0.006217269005847953,3.86544338910776e-05,20.447102724532748
2025-11-09,86868,0.0001,7.000000000000001e-07,0.011687222222222224,-0.0013563,-0.011587222222222224,0.00013426371882716055,-13.84937950271525
2025-11-09,91937,9.47368421052631e-05,3.863859649122807e-06,0.0006701111111111113,0.0012563999999999997,-0.0005753742690058482,3.310555494340142e-07,-0.29271148620458515
2025-11-09,53613,-0.00355,1.7681578947368418e-05,0.015574777777777778,-0.012404999999999998,-0.01912477777777778,0.00036575712504938277,-4.548161475942399
2025-11-09,17830,-0.0021950000000000003,1.6047105263157895e-06,0.0010649999999999998,-0.0037555000000000006,-0.00326,1.06276e-05,-2.573470826526603
2025-11-09,20482,0.001055,2.1141842105263163e-06,-0.002636222222222222,0.0015113000000000001,0.003691222222222222,1.362512149382716e-05,2.538626324804598
2025-11-09,62092,0.0023100000000000004,1.6535789473684215e-06,-0.0027767777777777778,0.0026918,0.005086777777777779,2.5875308160493836e-05,3.955763311029567
2025-11-09,43449,0.0030950000000000005,3.802605263157894e-06,0.0014466666666666666,0.0032355999999999995,0.001648333333333334,2.7170027777777798e-06,0.8452874454950606
2025-11-09,90215,-0.0017750000000000005,3.3546052631578947e-06,0.015618444444444442,-0.0053365,-0.01739344444444444,0.00030253190964197517,-9.496528640405566
2025-11-09,13856,0.00172,5.574736842105263e-07,0.0001068888888888891,0.0023755,0.001613111111111111,2.602127456790123e-06,2.1604891869891607
2025-11-09,88352,0.0010550000000000002,1.5626052631578948e-06,0.0027288888888888888,0.0004712999999999997,-0.0016738888888888886,2.801904012345678e-06,-1.3390660064894835
2025-11-09,18143,-0.00057,1.0285263157894737e-06,-0.003164888888888889,-0.0018220999999999997,0.0025948888888888888,6.733448345679011e-06,2.558651060541698
2025-11-09,26403,-0.0017299999999999996,4.643263157894737e-06,0.0011753333333333331,-0.0055888000000000005,-0.0029053333333333327,8.440961777777774e-06,-1.3482931180672606
2025-11-23,86580,0.0008399999999999999,6.528842105263161e-06,-0.0005243999999999992,0.0011120000000000001,0.0013643999999999991,1.8615873599999977e-06,0.5339783240071452
2025-11-23,14593,0.0034157894736842106,2.6591812865497074e-06,-0.0018289,0.0046627000000000005,0.00524468947368421,2.7506767675373957e-05,3.21622043322712
2025-11-23,10107,0.0009599999999999999,1.3510947368421055e-05,0.0006492999999999998,0.0010632000000000003,0.0003107000000000001,9.653449000000008e-08,0.08452756379206747
2025-11-23,84788,0.0048850000000000005,3.1981842105263156e-06,-0.0008689000000000002,0.005635399999999999,0.005753900000000001,3.310736521000001e-05,3.2174408564715047
2025-11-23,90319,0.00796842105263158,5.038947368421053e-06,-0.0042672000000000005,0.0107295,0.01223562105263158,0.00014971042254360113,5.450748035827515
2025-11-23,93002,0.008075000000000002,3.3493421052631575e-06,-0.012572800000000004,0.0125924,0.020647800000000008,0.0004263316448400003,11.282206133640553
2025-11-23,14542,0.007995,4.54471052631579e-06,-0.0040561,0.0107965,0.0120511,0.00014522901121,5.652929602913998
2025-11-23,93436,0.010114999999999999,6.088710526315788e-06,0.005993399999999999,0.014426300000000003,0.0041216,1.6987586559999995e-05,1.6703334479944967
2025-11-23,13407,0.010875000000000001,2.3388157894736845e-06,-0.0020383999999999997,0.013608399999999998,0.0129134,0.00016675589956000001,8.443890547347454
2025-11-23,50876,-0.0004249999999999999,7.5588157894736845e-06,0.006015299999999999,-0.0030464000000000003,-0.006440299999999999,4.147746408999998e-05,-2.342497937647118
2025-11-23,55976,0.006370000000000001,2.8874736842105268e-06,-0.00038210000000000007,0.007314800000000001,0.0067521000000000005,4.559085441000001e-05,3.9735606684806037
2025-11-23,47896,0.005030000000000001,1.3274736842105267e-06,0.0008985000000000002,0.005501799999999999,0.004131500000000001,1.7069292250000007e-05,3.5858721140184735
2025-11-23,83443,0.0012050000000000001,2.0541842105263156e-06,-0.0019010000000000003,0.0006558999999999998,0.0031060000000000003,9.647236000000002e-06,2.1671140013479957
2025-11-23,10104,0.00028500000000000053,0.00018021397368421055,-0.011352699999999997,0.0036058,0.011637699999999997,0.00013543606128999994,0.8669078312564419
2025-11-23,92611,0.0023100000000000004,9.672631578947371e-07,0.0054927000000000005,0.0023216,-0.0031827,1.0129579290000001e-05,-3.236110786352578
2025-11-23,11850,0.0009425,1.0598092105263162e-06,0.00022589999999999972,-0.0003610999999999998,0.0007166000000000003,5.135155600000004e-07,0.6960860960767171
2025-11-23,22111,4.4999999999999996e-05,9.583947368421053e-07,0.0022922,8.920000000000035e-05,-0.0022472,5.04990784e-06,-2.2954588735549852
2025-11-23,91233,0.0028150000000000002,1.152921052631579e-06,0.0049066,0.0033755,-0.0020915999999999994,4.374790559999998e-06,-1.9479546788902646
2025-11-23,89393,-0.0003700000000000001,6.063263157894738e-06,-0.005827400000000001,-0.005001500000000001,0.005457400000000001,2.9783214760000012e-05,2.216320571913
2025-11-23,19788,0.011685000000000001,8.647657894736843e-06,0.0066581,0.0156812,0.005026900000000001,2.526972361000001e-05,1.7094287179039593
2025-11-23,13721,0.00010000000000000002,1.5663157894736845e-06,0.0003913999999999999,-0.0013235000000000002,-0.00029139999999999993,8.491395999999996e-08,-0.23283586851399557
2025-11-23,87055,0.000675,2.2893421052631575e-06,-0.004402,0.00023380000000000042,0.005077,2.5775928999999998e-05,3.3554580643738294
2025-11-23,59408,0.005950000000000001,4.4473684210526293e-07,0.0024588999999999995,0.0061846,0.0034911000000000018,1.2187779210000013e-05,5.234928267255784
2025-11-23,61241,0.0052000000000000015,1.7778947368421055e-06,-0.0016224000000000008,0.006007199999999999,0.006822400000000003,4.6545141760000036e-05,5.116631692515128
2025-11-23,66181,0.005410526315789474,3.059883040935672e-06,-0.0026392,0.007320999999999999,0.008049726315789475,6.479809375911359e-05,4.601810192317094
2025-11-23,18163,-0.00038500000000000003,1.8245000000000005e-06,0.0008275000000000004,-0.0031724,-0.0012125000000000005,1.470156250000001e-06,-0.8976557423281613
2025-11-23,76076,0.003068421052631579,5.989473684210525e-07,0.0006661999999999998,0.0033295,0.002402221052631579,5.770665985706372e-06,3.1039780265801156
2025-11-23,14541,0.0005350000000000001,7.381842105263159e-07,-0.0014399000000000003,-0.00016310000000000006,0.0019749000000000004,3.9002300100000014e-06,2.2985964626685953
2025-11-23,11308,0.0005350000000000001,1.2676578947368421e-06,0.00012790000000000007,-0.0009519000000000003,0.00040710000000000003,1.6573041000000002e-07,0.361576394342373
2025-11-23,92655,0.005784210526315791,6.414035087719299e-07,-0.00028419999999999997,0.006245800000000001,0.006068410526315791,3.68256063159003e-05,7.577209364318755
2025-11-23,12060,0.0001,1.308421052631579e-06,0.0080739,-0.0021826,-0.0079739,6.358308121000002e-05,-6.971031147618117
2025-11-23,12490,0.004935000000000001,1.3097631578947372e-06,-0.0022579999999999996,0.0059634,0.007193000000000001,5.173924900000001e-05,6.28512146608504
2025-11-23,18542,0.008625000000000002,2.185131578947369e-06,-0.004251200000000001,0.0100304,0.012876200000000004,0.0001657965264400001,8.710616970830761
2025-11-23,38703,0.007663157894736844,9.224561403508775e-07,0.0035547999999999995,0.0087304,0.0041083578947368445,1.6878604591246557e-05,4.277553071955712
2025-11-23,69032,0.009250000000000003,1.4121052631578951e-06,0.00031959999999999975,0.0107551,0.008930400000000003,7.975204416000006e-05,7.515145197800101
2025-11-23,53613,0.01055,1.3707894736842102e-05,0.0126807,0.016996900000000002,-0.0021306999999999993,4.539882489999997e-06,-0.5754888656427564
2025-11-23,86868,0.008685000000000002,1.9634473684210525e-06,0.0045728,0.010561199999999998,0.004112200000000002,1.6910188840000012e-05,2.9347059775474165
2025-11-23,59176,0.007060000000000001,1.0035789473684212e-06,0.0017677,0.0075298000000000006,0.0052923000000000015,2.8008439290000016e-05,5.282854913473928
2025-11-23,90215,0.012225000000000003,2.9335526315789483e-06,-2.5500000000000003e-05,0.0148287,0.012250500000000003,0.00015007475025000008,7.15248362900908
2025-11-23,22752,0.0028750000000000004,4.989342105263158e-06,0.0022945,0.0051646,0.0005805000000000003,3.369802500000003e-07,0.25988462224241415
2025-11-23,91937,0.0013475,3.093019736842106e-06,-0.0062378,0.0001138000000000001,0.0075853,5.753677609e-05,4.313019446032813
2025-11-23,92602,-0.001205,2.976289473684211e-06,0.0060121,-0.0049921,-0.007217100000000001,5.208653241000001e-05,-4.1833590293095595
2025-11-23,17830,0.000555,1.1794473684210528e-06,0.0062697000000000004,-0.0004135999999999999,-0.0057147000000000005,3.265779609000001e-05,-5.262040103685082
2025-11-23,43449,0.0032,6.357894736842104e-07,0.0015248000000000002,0.0030082999999999998,0.0016752,2.80629504e-06,2.100922332930616
2025-11-23,20482,0.000965,8.223947368421056e-07,0.0003944000000000003,0.0009669000000000002,0.0005705999999999997,3.255843599999996e-07,0.6292041902489068
2025-11-23,62092,0.000746,2.70232e-06,-0.0007347000000000001,7.45e-05,0.0014807000000000002,2.1924724900000006e-06,0.9007384223992619
2025-11-23,20894,0.01718421052631579,6.631140350877195e-05,0.004846700000000001,0.0291105,0.01233751052631579,0.00015221416598695293,1.5150725376364775
2025-11-23,14702,0.012992,2.3439595789473692e-05,-0.0041539,0.019963100000000004,0.0171459,0.00029398188680999996,3.541483538161929
2025-11-23,88352,0.0036700000000000005,1.5295789473684215e-06,-0.00038460000000000024,0.0041546000000000005,0.004054600000000001,1.643978116000001e-05,3.2784009529766838
2025-11-23,48486,0.01051,3.7651578947368423e-06,0.0088408,0.013240000000000002,0.0016692000000000009,2.7862286400000028e-06,0.8602343479770912
2025-12-07,86580,0.0011550000000000002,1.9762894736842106e-06,0.004385142857142857,-0.0005243999999999992,-0.003230142857142857,1.0433822877551021e-05,-2.297716543923939
2025-12-07,14593,0.00013500000000000006,1.491868421052632e-06,-0.0009348571428571428,-0.0018289,0.0010698571428571428,1.1445943061224489e-06,0.8759121084378757
2025-12-07,10107,0.00073,3.5063157894736846e-07,-0.0006712857142857142,0.0006492999999999998,0.0014012857142857143,1.9636016530612245e-06,2.366470967625193
2025-12-07,84788,0.000315,7.89763157894737e-07,0.0021885714285714286,-0.0008689000000000002,-0.0018735714285714287,3.510269897959184e-06,-2.108248596101168
2025-12-07,90319,-0.00014,5.706736842105264e-06,0.002711999999999999,-0.0042672000000000005,-0.002851999999999999,8.133903999999994e-06,-1.1938660383845403
2025-12-07,14542,-0.00025499999999999996,2.4636578947368418e-06,0.0024028571428571428,-0.0040561,-0.002657857142857143,7.064204591836734e-06,-1.6933293413316368
2025-12-07,93002,0.00027499999999999996,1.5737763157894733e-05,0.0027154285714285713,-0.012572800000000004,-0.0024404285714285713,5.955691612244897e-06,-0.615169221225369
2025-12-07,93436,0.004400000000000001,1.2000000000000006e-06,-0.009518,0.005993399999999999,0.013918000000000002,0.00019371072400000005,12.705337592261502
2025-12-07,13407,-0.0005526315789473685,1.7392982456140353e-06,0.00031071428571428596,-0.0020383999999999997,-0.0008633458646616545,7.453660820283798e-07,-0.6546328332854597
2025-12-07,50876,0.005257894736842106,1.8814619883040938e-06,0.0004378571428571429,0.006015299999999999,0.004820037593984964,2.323276240742836e-05,3.514007638950339
2025-12-07,55976,0.0005499999999999999,5.076315789473683e-06,-0.0036898571428571436,-0.00038210000000000007,0.004239857142857143,1.797638859183674e-05,1.8818149232425854
2025-12-07,47896,0.000895,6.576315789473684e-08,0.002289285714285715,0.0008985000000000002,-0.001394285714285715,1.9440326530612266e-06,-5.437013957572721
2025-12-07,83443,-0.00039499999999999995,6.857631578947368e-07,0.002342571428571428,-0.0019010000000000003,-0.0027375714285714278,7.494297326530608e-06,-3.3058137746546903
2025-12-07,92611,0.00368,8.090526315789475e-07,0.0006088571428571431,0.0054927000000000005,0.003071142857142857,9.43191844897959e-06,3.414378248982974
2025-12-07,10104,-0.0003473684210526315,1.5899298245614032e-05,0.002303714285714285,-0.011352699999999997,-0.002651082706766916,7.0282395181185985e-06,-0.6648662667178211
2025-12-07,91233,0.004105,1.334184210526316e-06,-0.00032271428571428555,0.0049066,0.004427714285714286,1.9604653795918368e-05,3.8332901250238205
2025-12-07,22111,0.0009250000000000001,2.5630263157894742e-06,0.00041371428571428587,0.0022922,0.0005112857142857143,2.614130816326531e-07,0.3193648578655078
2025-12-07,11850,0.0005075000000000001,9.566513157894737e-07,0.0044327142857142855,0.00022589999999999972,-0.003925214285714285,1.540730718877551e-05,-4.013160547951515
2025-12-07,19788,0.004910526315789474,2.8165497076023396e-06,-0.011894857142857143,0.0066581,0.016805383458646617,0.0002824209131921533,10.013587944214256
2025-12-07,59408,0.0019894736842105266,2.8988304093567247e-07,-0.0006714285714285716,0.0024588999999999995,0.002660902255639098,7.080400814065241e-06,4.942168148471878
2025-12-07,13721,0.00043500000000000006,4.1342105263157894e-08,0.0010570000000000004,0.0003913999999999999,-0.0006220000000000004,3.8688400000000046e-07,-3.059102933456036
2025-12-07,89393,-0.0014405,5.0289102631578945e-06,-0.0009374285714285712,-0.005827400000000001,-0.0005030714285714288,2.530808622448982e-07,-0.22433276522675547
2025-12-07,87055,-0.00169,3.6293684210526317e-06,0.0011555714285714283,-0.004402,-0.002845571428571428,8.09727675510204e-06,-1.493667610183052
2025-12-07,61241,0.0013050000000000002,1.6622605263157896e-05,0.0004941428571428573,-0.0016224000000000008,0.0008108571428571429,6.57489306122449e-07,0.19888168960009558
2025-12-07,66181,-0.001075,2.5767105263157897e-06,-0.00035685714285714287,-0.0026392,-0.0007181428571428571,5.157291632653061e-07,-0.44738150833798895
2025-12-07,18163,0.0007157894736842107,1.1202923976608186e-06,-0.0011212857142857146,0.0008275000000000004,0.0018370751879699253,3.3748452462547366e-06,1.735646341011244
2025-12-07,12060,0.006900000000000002,1.910526315789474e-06,0.000609285714285714,0.0080739,0.0062907142857142875,3.957308622448982e-05,4.551174093258071
2025-12-07,76076,0.0008775000000000001,5.085460526315791e-07,-0.0025484285714285717,0.0006661999999999998,0.003425928571428572,1.1736986576530615e-05,4.804112402762674
2025-12-07,11308,0.0003265000000000001,3.34466052631579e-07,-0.0003007142857142856,0.00012790000000000007,0.0006272142857142856,3.933977602040815e-07,1.0845258777913733
2025-12-07,53613,0.008855000000000002,2.1642605263157902e-05,0.010502142857142857,0.0126807,-0.0016471428571428557,2.7130795918367297e-06,-0.35405970081957394
2025-12-07,14541,-0.0003578947368421052,6.347953216374269e-07,0.004460714285714286,-0.0014399000000000003,-0.0048186090225563905,2.3218992912261854e-05,-6.0479031910076735
2025-12-07,92655,0.00010499999999999999,4.2471052631578945e-07,0.0012045714285714285,-0.00028419999999999997,-0.0010995714285714285,1.2090573265306121e-06,-1.6872402767299461
2025-12-07,38703,0.0028000000000000004,8.168421052631577e-07,0.00032499999999999966,0.0035547999999999995,0.0024750000000000006,6.125625000000003e-06,2.738458383289824
2025-12-07,12490,-0.0005099999999999999,9.125263157894737e-07,-0.002240142857142857,-0.0022579999999999996,0.0017301428571428572,2.993394306122449e-06,1.8111702056733756
2025-12-07,69032,0.00047999999999999996,1.7010526315789475e-07,0.0004864285714285714,0.00031959999999999975,-6.428571428571453e-06,4.1326530612245215e-11,-0.015586751022450045
2025-12-07,18542,-0.000465,3.075026315789473e-06,-0.0008155714285714286,-0.004251200000000001,0.0003505714285714286,1.2290032653061226e-07,0.1999180927898418
2025-12-07,86868,0.004155000000000001,1.497342105263158e-06,-0.002294857142857143,0.0045728,0.006449857142857144,4.160065716326533e-05,5.270958259198399
2025-12-07,59176,0.001365,1.4976315789473684e-07,-0.0024738571428571427,0.0017677,0.0038388571428571426,1.4736824163265304e-05,9.91972097426935
2025-12-07,22752,0.0020950000000000005,3.605e-07,0.005885142857142858,0.0022945,-0.0037901428571428574,1.4365182877551023e-05,-6.312522586724622
2025-12-07,90215,0.00032,5.490526315789475e-07,0.002752142857142857,-2.5500000000000003e-05,-0.002432142857142857,5.91531887755102e-06,-3.2823288640252435
2025-12-07,92602,0.004821052631578948,1.0928654970760238e-06,0.004553,0.0060121,0.0002680526315789484,7.185221329639944e-08,0.2564110385404314
2025-12-07,17830,0.005345000000000001,6.973421052631578e-07,0.001121857142857143,0.0062697000000000004,0.004223142857142858,1.783493559183674e-05,5.057231430224483
2025-12-07,43449,0.0013850000000000002,1.8344736842105264e-07,-0.004655714285714286,0.0015248000000000002,0.0060407142857142855,3.649022908163265e-05,14.103683449065723
2025-12-07,20894,0.003926315789473684,1.1831578947368423e-06,-0.009595857142857142,0.004846700000000001,0.013522172932330826,0.00018284916081186045,12.43154575536267
2025-12-07,91937,-0.0030700000000000007,3.275378947368421e-05,0.004539,-0.0062378,-0.007609,5.7896881000000006e-05,-1.3295259165147064
2025-12-07,20482,0.0008850000000000002,1.1655526315789476e-06,-0.000171857142857143,0.0003944000000000003,0.0010568571428571432,1.1169470204081642e-06,0.9789270795508555
2025-12-07,48486,0.006585000000000001,4.456078947368421e-06,-0.0008359999999999994,0.0088408,0.007421,5.5071240999999994e-05,3.515491023358594
2025-12-07,62092,-2.7499999999999998e-05,2.8775657894736845e-07,0.0029198571428571433,-0.0007347000000000001,-0.0029473571428571435,8.686914127551024e-06,-5.494398227636119
2025-12-07,70519,0.004620000000000001,6.458947368421053e-07,0.0023837142857142854,0.0053977999999999995,0.0022362857142857154,5.000973795918373e-06,2.78257203827299
2025-12-07,14702,-0.0005349999999999999,6.889763157894738e-06,0.0003539999999999999,-0.0041539,-0.0008889999999999998,7.903209999999997e-07,-0.33868784795106766
